YEAR,MONTH,DAY,RAINFALL,TMAX,TMIN,RH,WIND_SPEED,WIND_DIRECTION,BAROMETRIC_AIR_PRESSURE
2018,1,1,0,29.4,24,69,2,250,1008.6
2018,1,2,0,29.5,24.4,63,3,40,1008.7
2018,1,3,-1,29.4,24.4,68,3,40,1009.3
2018,1,4,0,30.9,24.6,71,2,200,1009.3
2018,1,5,0,31,26,72,2,270,1009.4
2018,1,6,0,32.8,25,60,2,90,1009.3
2018,1,7,0,31.2,24.6,75,2,200,1010.5
2018,1,8,0,31,25.4,77,2,320,1010.3
2018,1,9,0,32.5,24.8,68,2,250,1010.5
2018,1,10,-1,31.8,24.8,70,2,20,1010.6
2018,1,11,0,30.5,24.5,65,4,20,1010.6
2018,1,12,0,30,23.5,59,4,20,1011.3
2018,1,13,0,30.3,22.7,63,3,360,1011.1
2018,1,14,0,30.2,23.4,70,2,250,1010
2018,1,15,0,31,23.9,62,2,20,1008.4
2018,1,16,8.6,29.7,23,76,2,360,1007.1
2018,1,17,-1,28,23.8,82,1,340,1008.9
2018,1,18,0.4,30.7,24.9,79,2,320,1009
2018,1,19,0,30.9,24,70,2,90,1009.2
2018,1,20,0,32.6,24.5,66,2,250,1008.4
2018,1,21,0,29.1,24.7,76,2,290,1007.8
2018,1,22,0.3,30.6,24.5,77,2,320,1007
2018,1,23,0,30.6,24.5,68,2,250,1006.7
2018,1,24,3.7,29.8,24.7,80,2,220,1006.3
2018,1,25,0,30.4,24.7,71,2,250,1006.6
2018,1,26,2.1,31.7,24,74,3,360,1006.2
2018,1,27,3.5,27,24.4,87,1,270,1007.7
2018,1,28,0.1,29.2,24,79,2,110,1008
2018,1,29,0.2,30,24.5,71,2,40,1008.4
2018,1,30,0,30.3,24.5,70,2,220,1008.9
2018,1,31,0,29.5,24.4,76,2,40,1010.4
2018,2,1,0,30.4,25.4,69,2,290,1009.8
2018,2,2,0,31.6,24.2,69,3,250,1010.3
2018,2,3,0,29.5,22.8,67,3,360,1010.8
2018,2,4,0,30.7,23,66,3,20,1010.5
2018,2,5,-1,29.5,23,70,4,360,1010.8
2018,2,6,0,30,22.5,65,3,20,1010.1
2018,2,7,0,28.7,22.8,74,2,360,1008.8
2018,2,8,0,28.4,22.7,72,3,250,1007.8
2018,2,9,0,29.6,24.5,70,3,290,1008.1
2018,2,10,-1,29.5,25,76,2,250,1009.8
2018,2,11,0,29,24.7,75,2,270,1010.4
2018,2,12,0,31,26,65,3,220,1011.7
2018,2,13,0,30.4,24.6,69,3,40,1012.4
2018,2,14,0,28.7,25,71,2,20,1011.9
2018,2,15,0,31.5,25.2,71,2,270,1011.1
2018,2,16,0,32.6,26,66,3,160,1009.7
2018,2,17,0,33.1,25.7,67,3,160,1009.6
2018,2,18,0,32.2,24.7,61,3,250,1010.8
2018,2,19,0,33.7,25.5,52,3,70,1010.3
2018,2,20,0,33,25.3,65,3,140,1009.5
2018,2,21,1.5,32,25.5,66,2,290,1008.7
2018,2,22,0,33.8,25.3,63,2,110,1009.5
2018,2,23,0,32.8,25.9,58,2,110,1010.7
2018,2,24,0,32,25.8,57,3,270,1011.7
2018,2,25,0,31.5,26,64,2,90,1009.9
2018,2,26,-1,31.1,26.3,67,3,250,1009.6
2018,2,27,0,31.5,25.5,69,2,250,1009.6
2018,2,28,0,32.5,26,70,2,270,1009.1
2018,3,1,0,34.4,26,69,3,110,1007.9
2018,3,2,0,34,26.5,68,3,110,1008.3
2018,3,3,0,32.3,27,66,2,140,1008.4
2018,3,4,0,33.6,26.3,63,2,20,1009.5
2018,3,5,0,33.6,27.4,58,2,90,1009.4
2018,3,6,0,33.6,27,63,3,250,1009.7
2018,3,7,7.3,32.2,26.3,69,2,250,1008.5
2018,3,8,8.6,30.5,24,74,2,250,1009
2018,3,9,0,30,24.2,72,3,160,1009.8
2018,3,10,0,29.4,23.4,67,2,90,1010.8
2018,3,11,0,30.3,23.7,60,2,90,1012
2018,3,12,0,29.4,24.9,66,3,340,1010.9
2018,3,13,0,32.3,24.2,64,3,250,1010.2
2018,3,14,0,31.4,24.5,57,2,270,1010.3
2018,3,15,0,32.1,25.8,59,3,250,1009.8
2018,3,16,0,33.4,25.2,66,2,270,1009.9
2018,3,17,0,33.5,25.5,62,3,110,1010.4
2018,3,18,0,33.1,26,64,3,140,1010.2
2018,3,19,0,32.5,25.6,62,3,160,1008.7
2018,3,20,0,33,25,68,3,270,1008.2
2018,3,21,0,32.1,25.7,68,3,250,1007.1
2018,3,22,0.9,29.9,25.2,66,2,90,1007.7
2018,3,23,0,30.2,25.3,62,3,250,1010.7
2018,3,24,0,29.7,23.6,58,2,90,1012.1
2018,3,25,0,30.9,23.7,60,2,270,1012.1
2018,3,26,0,30.3,25.6,63,2,270,1010.5
2018,3,27,0,30.4,25.2,67,2,250,1008.6
2018,3,28,0,32.1,25.4,63,2,270,1007.7
2018,3,29,10.2,31.5,22.5,65,2,250,1007.8
2018,3,30,3.3,31.5,22.9,74,2,270,1007.3
2018,3,31,-1,30,24.5,73,2,70,1007.9
2018,4,1,0,31.5,24,63,2,270,1008.1
2018,4,2,0.5,31.7,25.5,66,2,290,1008.6
2018,4,3,0,29.7,25.2,69,2,90,1009
2018,4,4,-1,30.5,25.6,68,2,270,1008.2
2018,4,5,0,29.9,25.4,67,2,360,1008
2018,4,6,0,32.8,25.8,60,2,270,1007.9
2018,4,7,0,33.8,25.5,57,2,40,1009.8
2018,4,8,0,32.1,25.5,63,2,70,1010.4
2018,4,9,0,32.4,26.3,65,2,110,1010.6
2018,4,10,-1,33,25.4,69,2,270,1009.8
2018,4,11,6.6,33.5,26,66,2,290,1009
2018,4,12,0,32.8,27.7,63,2,320,1008.8
2018,4,13,0,34.9,27.6,62,3,90,1009
2018,4,14,0,34.4,27.4,60,2,110,1008.1
2018,4,15,0,34.1,27.2,64,2,250,1007.7
2018,4,16,-1,32.4,26.6,61,3,90,1008.5
2018,4,17,0,34.2,26.7,56,2,140,1008.9
2018,4,18,0,33.2,26,56,1,110,1008.8
2018,4,19,0,34.6,27.3,55,2,250,1008.2
2018,4,20,0,33.5,27.1,58,2,160,1008.4
2018,4,21,0,34.4,27.4,65,2,320,1007.9
2018,4,22,0,32.6,26.8,68,1,340,1008
2018,4,23,0,34.7,28.4,58,2,90,1006.7
2018,4,24,0,35.1,27.5,64,2,180,1007
2018,4,25,1,35.4,27.5,69,1,160,1007.3
2018,4,26,0,34,27.5,62,2,140,1008.4
2018,4,27,0,34.5,27.2,57,1,140,1009.5
2018,4,28,0,34.5,27.5,64,2,180,1009.1
2018,4,29,0,33.5,27.3,65,1,220,1008.6
2018,4,30,0,33.7,27.5,57,1,270,1009.1
2018,5,1,6.6,33.3,27.8,66,1,340,1009
2018,5,2,0,35.8,27.7,55,2,160,1008.6
2018,5,3,0,35.5,27.5,63,2,160,1009.5
2018,5,4,0,36,27.3,63,2,160,1010.1
2018,5,5,0,30.6,27.2,72,1,140,1011.7
2018,5,6,0,34.2,27,64,1,290,1010
2018,5,7,0,34.5,27.3,67,2,160,1007.9
2018,5,8,0,34.4,26.5,73,3,250,1008.2
2018,5,9,0,35,25.8,65,2,290,1009.4
2018,5,10,31,34.4,25,67,2,270,1009.6
2018,5,11,0.5,33.6,27,64,1,340,1008.4
2018,5,12,0,35.2,26,69,1,70,1008.1
2018,5,13,0,35.6,27.6,63,2,160,1007.7
2018,5,14,0,35.2,28.5,59,1,160,1007.1
2018,5,15,0.1,34.2,27.8,69,2,320,1006.8
2018,5,16,0,35.5,26.7,68,1,40,1006.4
2018,5,17,0,35.2,27,67,1,200,1005.8
2018,5,18,0,34.7,27.8,65,1,140,1005.3
2018,5,19,0,34.8,27.8,63,1,70,1004.8
2018,5,20,0,34.6,27.2,61,3,140,1005.6
2018,5,21,0,33.9,26.7,63,2,220,1006.8
2018,5,22,0,34.8,27,69,1,160,1007.7
2018,5,23,0,36.1,27.8,63,1,250,1006.9
2018,5,24,6.1,34.2,27.4,68,2,360,1006.6
2018,5,25,0.2,34.5,27.4,68,1,90,1007.4
2018,5,26,0,35.7,27,68,1,160,1007.1
2018,5,27,0,36,27.8,64,2,290,1007.1
2018,5,28,0,35.9,28.2,59,2,160,1007.3
2018,5,29,-1,35.4,27,67,1,110,1007.6
2018,5,30,15.4,35,26.4,68,1,250,1007.4
2018,5,31,0,34.7,27.8,66,1,250,1006.9
2018,6,1,0,35.6,27.8,65,1,160,1005.9
2018,6,2,-1,34.8,26,81,1,180,1006.9
2018,6,3,11,33,25.7,78,1,220,1006.6
2018,6,4,6.7,34.6,26.8,68,2,220,1006.3
2018,6,5,3,34.8,26,86,1,220,1006.8
2018,6,6,23.5,31.7,25,88,1,220,1006.2
2018,6,7,0.1,31.7,26.4,84,3,220,1003.7
2018,6,8,16.5,31.8,25,94,5,220,1002.5
2018,6,9,175.5,27.5,24,99,4,200,1002.9
2018,6,10,19.3,27.5,24.8,93,4,220,1005.3
2018,6,11,64.8,27.8,25,90,5,220,1006.3
2018,6,12,16.5,27.5,24.7,93,3,220,1005.7
2018,6,13,62.2,28.5,23.5,93,2,220,1004.5
2018,6,14,8,30.4,25.5,92,3,220,1004.2
2018,6,15,19,31.4,24.4,80,3,220,1004.9
2018,6,16,14,30.8,24.4,94,4,250,1005.9
2018,6,17,0,31,26,90,3,250,1006.5
2018,6,18,0,31.8,27,81,3,250,1007.2
2018,6,19,0,33,27,82,4,250,1008.3
2018,6,20,30.5,32,23,90,3,250,1008.4
2018,6,21,85.6,31.4,23.4,87,3,220,1008
2018,6,22,0,31.3,25,86,2,250,1008.2
2018,6,23,10.5,34,25,86,2,220,1007.8
2018,6,24,0,32.4,25.8,77,2,250,1008.1
2018,6,25,40.2,30.9,25,82,2,220,1007.8
2018,6,26,9.6,30,24.1,88,1,220,1007.7
2018,6,27,-1,32.5,26,78,2,220,1007.9
2018,6,28,0,32,26,85,3,250,1006.3
2018,6,29,0,32,26.7,74,4,250,1005
2018,6,30,-1,31.1,26.5,84,2,250,1005.6
2018,7,1,3.2,30.5,25.5,84,3,220,1007
2018,7,2,8,31.2,26,88,3,220,1006.8
2018,7,3,0,31.4,26.5,88,3,250,1006.6
2018,7,4,3.6,31.6,26.3,80,2,250,1005.8
2018,7,5,0.5,31.3,26.3,77,3,250,1005.3
2018,7,6,16.7,31.8,26,79,2,220,1004
2018,7,7,71,31,24,95,1,250,1003.4
2018,7,8,3,32,25,89,1,200,1003.6
2018,7,9,10.3,31.2,24.5,84,2,220,1004
2018,7,10,3.1,31,24.8,81,4,220,1003.4
2018,7,11,11.5,30.4,25.5,92,2,220,1004.3
2018,7,12,0,29.8,25.3,93,1,200,1004.9
2018,7,13,6,32.1,25.4,89,1,200,1003.7
2018,7,14,25.5,30.5,24.4,91,3,220,1003
2018,7,15,51.5,29,24.5,89,2,220,1002.7
2018,7,16,59.9,29.2,24.5,91,2,220,1000.9
2018,7,17,108,27.5,24,98,1,220,1002
2018,7,18,29.8,29.7,24.1,89,3,220,1004.4
2018,7,19,47.5,30.2,23.7,94,1,270,1005.3
2018,7,20,46.4,29.5,25.2,86,2,220,1003.5
2018,7,21,22.5,30.5,24.5,87,3,220,1002.4
2018,7,22,48.4,27.5,24.3,94,3,220,1004.9
2018,7,23,1,28.3,25.2,87,2,220,1006.4
2018,7,24,20.6,29,24.8,87,2,220,1005.9
2018,7,25,0,30.2,25.5,85,2,250,1005.7
2018,7,26,0.9,30.2,24.5,89,1,200,1005.2
2018,7,27,18.8,28.3,24.8,91,2,220,1005.5
2018,7,28,8.5,29.7,24.5,96,2,220,1005.1
2018,7,29,0,30.5,25.5,90,3,220,1004.7
2018,7,30,0,30.1,27,85,2,220,1005.6
2018,7,31,-1,31.7,26.5,86,3,220,1005.2
2018,8,1,17,31.8,25.5,85,3,220,1005.1
2018,8,2,7.5,31,25,92,3,220,1004.9
2018,8,3,0.6,30.7,25.4,83,2,250,1004.8
2018,8,4,16,32,25.5,85,2,220,1003.7
2018,8,5,0,32,25.7,79,2,220,1004.2
2018,8,6,0.2,31.3,26.5,74,1,220,1003.3
2018,8,7,5.1,30.6,25,78,2,220,1002.8
2018,8,8,1.8,31.8,25.5,79,2,220,1004.3
2018,8,9,5.7,30.5,24.5,80,3,220,1006.1
2018,8,10,14.1,29,25,94,3,220,1004.9
2018,8,11,136.5,28.3,24,99,3,250,1003
2018,8,12,54.4,28.5,24.5,92,5,220,1002.2
2018,8,13,8.2,29.4,24.9,84,5,220,1003.8
2018,8,14,16.9,30.7,24.5,82,3,220,1004.3
2018,8,15,-1,31.3,26.5,84,2,250,1005.1
2018,8,16,67.6,31.2,24,83,3,220,1003.3
2018,8,17,14.5,31,24,88,2,200,1002.6
2018,8,18,1,29,25,89,3,220,1004.6
2018,8,19,16.2,30.7,24.5,85,2,220,1005.5
2018,8,20,4.2,29,26,85,2,220,1005.4
2018,8,21,17,30.7,24.5,85,3,220,1003.6
2018,8,22,0.2,31.4,26,80,2,250,1004.6
2018,8,23,0.5,30.3,27.5,80,3,220,1006.2
2018,8,24,10.2,30.1,26.1,83,3,220,1005.9
2018,8,25,6.7,30.8,25,83,3,220,1004.3
2018,8,26,0,29.7,25.9,81,1,220,1005.6
2018,8,27,0,31.1,26.5,74,1,220,1007.6
2018,8,28,0,32.5,26,70,2,250,1008.6
2018,8,29,0,32.5,26.3,71,1,270,1007.7
2018,8,30,-1,32.8,26,76,1,250,1008.7
2018,8,31,31.8,30.9,24.9,81,1,220,1008.7
2018,9,1,3.3,31.1,25.4,77,2,270,1006.7
2018,9,2,11.5,31.8,24.9,79,2,220,1005.3
2018,9,3,0,32.3,24.8,76,2,220,1006.2
2018,9,4,18.7,29.5,24.7,87,2,220,1005.7
2018,9,5,0,30.8,25.8,78,2,250,1004.4
2018,9,6,24.5,30,24.2,83,1,250,1003.6
2018,9,7,48,30,23.8,84,7,220,1005.5
2018,9,8,5.7,30.9,26.5,79,3,220,1007.6
2018,9,9,2.1,31.9,26.1,74,2,220,1008.6
2018,9,10,0,32.4,25.2,77,1,220,1007.8
2018,9,11,2,31.6,25.2,78,1,250,1006.7
2018,9,12,3,30.9,26.2,81,3,220,1005.9
2018,9,13,17.8,32.4,24.7,75,2,250,1003.8
2018,9,14,59.1,29.7,26,84,3,250,997.8
2018,9,15,50.5,29.4,24,82,5,220,999.7
2018,9,16,2.8,30,25.8,84,2,160,1006.6
2018,9,17,31.6,31.3,24,82,1,220,1008.8
2018,9,18,0,32.9,25.8,67,2,40,1007.5
2018,9,19,0.1,33.8,25.9,78,1,200,1006.3
2018,9,20,34.4,31.4,25.2,84,1,270,1007
2018,9,21,7.2,31.5,24.9,81,1,200,1009.3
2018,9,22,6.5,33.2,25.5,73,1,90,1009.7
2018,9,23,18.2,33.4,26,75,2,250,1007.8
2018,9,24,0,32.3,26.5,75,2,220,1005.1
2018,9,25,0,32.9,26.8,75,2,220,1003.3
2018,9,26,18,31.6,25.6,76,2,270,1004
2018,9,27,0,32.8,26.5,75,2,250,1004.1
2018,9,28,0,31,27.5,76,2,220,1004.6
2018,9,29,0,32.3,26.5,72,1,220,1005
2018,9,30,0,32.3,26.5,69,1,250,1005.9
2018,10,1,0,32.3,26.8,72,2,220,1006.9
2018,10,2,5,31.4,25.2,79,1,200,1006.8
2018,10,3,66.5,32,24,75,2,220,1007.8
2018,10,4,0,31.2,25.4,74,3,220,1008.4
2018,10,5,0,31.3,25.4,71,3,180,1008.6
2018,10,6,0,32.2,26,70,2,250,1009.5
2018,10,7,16.5,33,25.5,71,2,220,1008.8
2018,10,8,0,32.5,26.5,67,2,200,1008
2018,10,9,6,33.2,26.5,67,2,220,1008
2018,10,10,17.5,33.4,26,78,2,70,1008.8
2018,10,11,0,33,26.5,70,2,180,1009.9
2018,10,12,0,34,26.4,64,2,220,1010
2018,10,13,0,34,27,64,2,180,1009.3
2018,10,14,17.2,32.4,26,80,2,40,1009.5
2018,10,15,4.6,32.5,25.5,73,2,220,1009.4
2018,10,16,6.4,32.5,25.7,77,2,20,1008.8
2018,10,17,3.5,33.4,25.4,72,2,220,1007.8
2018,10,18,0.5,33.3,25.8,70,3,200,1008.6
2018,10,19,0,33.1,26,63,3,220,1010.6
2018,10,20,3.2,34.3,25,69,3,20,1010.6
2018,10,21,0,30.9,25.5,76,2,180,1009.9
2018,10,22,0,32.8,25.7,67,3,200,1009.6
2018,10,23,0,32.6,25.8,63,3,180,1010.5
2018,10,24,0,32,26,65,3,220,1010.5
2018,10,25,0,33,26.1,63,2,180,1010.3
2018,10,26,0,34,26,59,3,200,1010
2018,10,27,0,32,26.7,65,2,20,1008.9
2018,10,28,0.1,33.8,24,62,3,220,1006.2
2018,10,29,-1,29.7,24.9,60,3,250,1002.8
2018,10,30,32.7,29.1,25.1,84,6,90,1001.1
2018,10,31,2.1,33.2,26.2,74,4,90,1007
2018,11,1,0,34.7,27,61,3,40,1008.3
2018,11,2,0,32.6,25.5,68,2,200,1007.5
2018,11,3,9.6,32.5,25.6,69,2,220,1010.3
2018,11,4,0,34.5,26,62,3,340,1009.2
2018,11,5,0,33.6,26.5,60,2,40,1009.1
2018,11,6,0,34,25.5,63,3,20,1009.8
2018,11,7,0,31.4,25.5,74,3,20,1010.2
2018,11,8,1.3,33.2,24.6,56,2,20,1009.6
2018,11,9,0.2,30.7,25.3,72,2,40,1009.6
2018,11,10,0,31.6,25,62,3,20,1010.3
2018,11,11,0,33.3,25.2,61,2,20,1009.7
2018,11,12,0,31.5,26.5,66,3,200,1007.9
2018,11,13,0,31,25.6,67,2,180,1007.3
2018,11,14,0,34.3,26,56,3,20,1009.2
2018,11,15,0,34,25.2,59,3,20,1010
2018,11,16,0,32.5,25.1,62,2,250,1010.4
2018,11,17,0,31.5,25.4,62,2,200,1010.6
2018,11,18,0,31.8,24.6,64,2,20,1011
2018,11,19,0,30.4,27,67,7,160,1010.7
2018,11,20,0,31,25.7,61,3,320,1009.2
2018,11,21,2.7,30,24.7,77,3,340,1007.8
2018,11,22,2.6,30.6,25.6,75,2,180,1009.1
2018,11,23,6.5,31.4,25,73,2,20,1010.2
2018,11,24,-1,30.5,25.5,74,2,220,1011.6
2018,11,25,0,31.7,24.6,68,2,110,1011.1
2018,11,26,0,32.2,25.6,65,2,180,1011.5
2018,11,27,0,32.6,25.5,66,2,220,1011.9
2018,11,28,0,30.2,25.5,72,2,360,1012.1
2018,11,29,0,31.5,25.5,69,3,220,1012.8
2018,11,30,0,31.2,25.6,63,3,340,1012.2
2018,12,1,-1,32.2,26,63,3,20,1010.7
2018,12,2,0,32.3,25,65,3,40,1011
2018,12,3,0.3,32.4,24.9,65,3,320,1010.3
2018,12,4,0,32,25,74,3,40,1009.8
2018,12,5,2.5,31.5,25.5,73,2,160,1009.5
2018,12,6,0,33.1,25.6,63,3,20,1008.9
2018,12,7,0.5,32.3,25,69,2,20,1009.9
2018,12,8,0,32.8,25,62,3,360,1010.5
2018,12,9,0,31.5,24.7,68,2,20,1010.4
2018,12,10,0,30.4,25.8,69,3,180,1010.1
2018,12,11,0,31.9,25.3,70,2,40,1010.4
2018,12,12,0,32.8,25.4,63,3,340,1011.5
2018,12,13,6.8,30,23.5,75,2,20,1012
2018,12,14,10.5,30.4,23.7,84,2,360,1012.3
2018,12,15,-1,29.8,24.4,76,2,340,1012.2
2018,12,16,0,30.7,24.5,71,2,20,1011.6
2018,12,17,0,29.4,24.6,69,2,180,1012.1
2018,12,18,0,31,25,67,2,180,1012
2018,12,19,0,31.3,23.4,68,3,20,1012.1
2018,12,20,0,29.4,25,66,2,220,1010.4
2018,12,21,0.3,28.8,24.5,79,2,320,1009
2018,12,22,0.4,31.5,25,81,2,90,1008.8
2018,12,23,46,26.1,23.3,91,1,320,1008.1
2018,12,24,9.7,28,23.8,91,2,360,1007.5
2018,12,25,0,30.7,24.8,77,2,200,1007.4
2018,12,26,1.9,30.1,24.5,82,2,270,1007.3
2018,12,27,0,30,25.8,73,2,200,1006.5
2018,12,28,12.5,30.2,24,82,3,340,1007.1
2018,12,29,2.9,26,23.2,74,3,320,1009.1
2018,12,30,7.1,26.4,22.2,87,2,320,1011.5
2018,12,31,21,26.8,22.6,95,1,320,1012.4
2019,1,1,2.2,29.5,23,87,2,340,1012.7
2019,1,2,0,31.5,24.3,71,3,20,1013.7
2019,1,3,-1,29,25,78,2,270,1014.7
2019,1,4,0,31.8,23.6,63,3,40,1015.7
2019,1,5,0,32.2,24,65,3,70,1014.6
2019,1,6,0,30.2,23.5,66,2,20,1013.9
2019,1,7,-1,30.2,23.2,64,2,360,1013.3
2019,1,8,0,32.3,23.5,61,3,20,1013
2019,1,9,0,31.3,24.4,62,3,20,1013.4
2019,1,10,-1,31.4,24.7,63,4,40,1012.8
2019,1,11,0.1,32.3,23.8,61,3,40,1012
2019,1,12,0,32.8,24.1,61,3,20,1011.6
2019,1,13,0.2,28.9,23.2,69,2,360,1010.5
2019,1,14,0,32,23.8,55,4,40,1010.3
2019,1,15,0,31.9,23.5,60,3,20,1011.2
2019,1,16,0,32.2,23.2,57,3,360,1011.9
2019,1,17,0,29.3,23.7,62,3,180,1011.3
2019,1,18,0,32.2,23.2,52,3,20,1011.9
2019,1,19,0,30.7,24.3,65,2,20,1011.2
2019,1,20,0,30.6,24.2,72,2,160,1010.1
2019,1,21,0,29.1,25,61,3,320,1009.1
2019,1,22,0,31.6,24.8,63,3,290,1009.1
2019,1,23,0,29.3,24.7,63,3,340,1010
2019,1,24,0,29.5,25.5,68,2,250,1010.9
2019,1,25,0,29.9,24.5,67,2,220,1012.3
2019,1,26,0.1,28.7,23,65,2,160,1012.8
2019,1,27,0,28,22,61,2,360,1014
2019,1,28,0,27.7,22,72,3,340,1013.7
2019,1,29,0,28.6,23,65,3,340,1013.9
2019,1,30,-1,28.4,23,66,2,340,1013.9
2019,1,31,0,27.9,24,71,1,250,1013.4
2019,2,1,-1,28.7,23,67,1,40,1013.7
2019,2,2,0,30.8,23,62,3,70,1013.1
2019,2,3,0,30,24,68,1,270,1013.6
2019,2,4,0,30.2,23,69,2,90,1013
2019,2,5,0,30,22.6,66,2,270,1012.2
2019,2,6,0,31.5,22.5,60,2,160,1011.5
2019,2,7,0,30.5,23,61,2,270,1012.2
2019,2,8,0,30.5,23,61,2,270,1011.8
2019,2,9,0,31.5,23.8,62,2,20,1012.9
2019,2,10,-1,31.8,24.4,66,2,70,1015
2019,2,11,0,32.4,24.5,53,3,40,1016.4
2019,2,12,0,31.4,24,58,2,70,1016.4
2019,2,13,4.5,28.4,22,82,2,320,1015.7
2019,2,14,0,31.4,22.9,82,1,110,1014.4
2019,2,15,0,31.5,24,60,2,40,1014.8
2019,2,16,0,30.3,23.5,58,2,270,1013.2
2019,2,17,0,32.1,24.8,56,2,110,1012.7
2019,2,18,0,31.5,24,51,3,140,1013.5
2019,2,19,0,32.3,23.9,56,3,160,1015
2019,2,20,0,31.4,23.4,50,2,70,1015.4
2019,2,21,0,32,24,51,2,90,1014
2019,2,22,0,29.7,23.7,64,2,360,1012.2
2019,2,23,0,32.2,22.9,65,2,290,1010.9
2019,2,24,0,30.6,23.7,61,2,250,1010.7
2019,2,25,0,30.8,24,63,2,160,1011.2
2019,2,26,0,30.7,23.4,60,2,160,1011.3
2019,2,27,0,31.5,24.4,57,2,140,1010.2
2019,2,28,0,29,23.5,64,2,140,1010.4
2019,3,1,0,31,23.8,58,2,140,1011
2019,3,2,0,31.7,22.9,54,2,250,1009.1
2019,3,3,0,31.8,24.6,64,1,290,1008.8
2019,3,4,0,32.5,26,66,2,90,1009.7
2019,3,5,0,31.8,24.6,59,2,90,1010.8
2019,3,6,0,32.7,25.5,61,2,160,1010.6
2019,3,7,0,32.2,25.5,61,3,180,1010.3
2019,3,8,0,32.3,25,66,2,160,1010.5
2019,3,9,0,32.2,24.2,57,2,140,1010.3
2019,3,10,0,32.4,24.7,60,1,270,1010.6
2019,3,11,0,31.5,25.2,69,2,220,1010.3
2019,3,12,0,32.2,25.8,72,2,220,1010.6
2019,3,13,0,32.3,25,56,2,320,1011.9
2019,3,14,0,33,26,57,2,290,1011.9
2019,3,15,3,32,22.9,66,2,270,1011.2
2019,3,16,0,32.8,24.5,67,1,70,1011.5
2019,3,17,0.1,31.2,25,60,2,90,1011.7
2019,3,18,0,32.5,25,57,2,90,1010.7
2019,3,19,0,33,25,59,2,40,1010.5
2019,3,20,0,34.2,25,53,2,160,1010.2
2019,3,21,0,33.7,25.4,55,3,140,1009.6
2019,3,22,0,32.6,25.4,57,2,270,1009.8
2019,3,23,0,33.2,26,56,2,160,1010.2
2019,3,24,0,34,25,44,2,140,1010.7
2019,3,25,0,33.2,25,56,2,320,1011.6
2019,3,26,0,31.3,26.5,52,2,250,1012.6
2019,3,27,0,31.9,26,58,1,90,1011.9
2019,3,28,0,33.4,26,63,2,180,1009.6
2019,3,29,0,33.7,25.7,64,3,180,1009
2019,3,30,0,32.8,25.2,60,3,160,1009.8
2019,3,31,0,33.7,26.2,55,2,160,1010.9
2019,4,1,0,33,25,58,2,90,1011.2
2019,4,2,0,33.3,26.4,56,3,160,1010.5
2019,4,3,0,32.6,25.8,55,2,160,1010.9
2019,4,4,0,33.5,26.5,59,2,110,1010.6
2019,4,5,0,34.8,26.3,60,2,180,1009.9
2019,4,6,0,35,26.6,63,2,290,1009.7
2019,4,7,0,34.4,27.3,63,2,270,1009.5
2019,4,8,0,34.7,27.5,52,2,250,1009.2
2019,4,9,0.4,34.2,25,68,1,90,1009
2019,4,10,0,36,27,68,2,180,1008.4
2019,4,11,0,33.8,27,66,3,140,1008
2019,4,12,0,33.7,27.4,69,2,320,1008.8
2019,4,13,0,36.8,26.5,64,3,160,1009.4
2019,4,14,0,35.5,27.4,58,2,160,1009.1
2019,4,15,0,32,27,69,2,160,1009.2
2019,4,16,0,34.1,27,61,1,270,1008.8
2019,4,17,0,34.2,28,70,2,220,1008.2
2019,4,18,1,35.4,27.2,69,2,160,1008
2019,4,19,0,36.2,27,55,3,160,1007.3
2019,4,20,0,35,26.5,55,2,140,1006.7
2019,4,21,0,36.7,27.9,56,1,250,1006.8
2019,4,22,0,34.8,27,57,2,140,1007.3
2019,4,23,0,35.7,26.6,54,3,160,1008.2
2019,4,24,0,35.1,27.2,54,3,140,1008.2
2019,4,25,0,35.9,27,52,3,140,1007.5
2019,4,26,0,34.6,26.7,55,2,90,1007.3
2019,4,27,0,35.4,26,53,2,160,1008.3
2019,4,28,-1,34.1,27.2,60,2,270,1008.9
2019,4,29,0,34,27,62,2,140,1008.5
2019,4,30,0,35.4,27.5,59,3,160,1007.2
2019,5,1,0,34,28,70,2,290,1007.3
2019,5,2,0,33.5,26.9,72,2,250,1007.9
2019,5,3,0,33.5,27.5,68,2,270,1008.7
2019,5,4,0,33.3,27.4,67,2,250,1008.1
2019,5,5,0,32.8,27.5,70,3,250,1006.7
2019,5,6,0.8,30.6,27,83,3,220,1006
2019,5,7,0.4,31.9,26.4,83,3,250,1005.3
2019,5,8,41.5,32.7,24.9,87,1,220,1005.3
2019,5,9,2.7,32.5,25.2,77,3,270,1006
2019,5,10,0,32.3,26.5,77,2,220,1007.5
2019,5,11,0,31.8,27,76,2,270,1008.3
2019,5,12,0,33.1,27,82,2,180,1008
2019,5,13,0,34.3,27.8,74,2,220,1008.1
2019,5,14,0,35.9,28,70,2,220,1007.9
2019,5,15,7.5,34.9,26.3,75,2,250,1008.3
2019,5,16,0.3,35.5,27.5,66,3,220,1007
2019,5,17,0,33.1,27.8,71,2,180,1006.6
2019,5,18,0,33.6,28.4,76,2,220,1007.1
2019,5,19,3.2,33.1,26.7,77,2,250,1007.7
2019,5,20,-1,33.8,27.7,74,3,250,1007.2
2019,5,21,12.5,33.3,25,74,3,250,1007.3
2019,5,22,7,33,26,80,2,250,1007.5
2019,5,23,0,33.7,27.4,74,1,220,1007.8
2019,5,24,16.2,33,26.8,75,1,220,1007.6
2019,5,25,25.5,33.2,25.5,78,1,160,1006.9
2019,5,26,32.5,34.4,24.5,79,1,160,1007.8
2019,5,27,0.2,34.7,25.5,78,2,200,1007.9
2019,5,28,0,35.1,26.5,69,2,270,1007.2
2019,5,29,-1,34,26.4,71,1,360,1007.1
2019,5,30,0,33.5,27,68,2,290,1006.9
2019,5,31,0,34.4,28.2,63,1,250,1006.6
2019,6,1,0,34.7,27.8,63,1,290,1006.6
2019,6,2,0,36.6,28,64,1,250,1006.6
2019,6,3,11.5,35.5,27.5,67,2,270,1006.4
2019,6,4,0,36.3,28,67,2,20,1006.8
2019,6,5,0,33.5,27.7,68,1,270,1008
2019,6,6,0,35.5,28.3,61,2,320,1008.6
2019,6,7,0,36.3,28.1,57,2,90,1008.5
2019,6,8,0,36.8,27.3,60,2,160,1007.2
2019,6,9,3,34.2,26.8,71,2,270,1006.1
2019,6,10,16.2,33.2,27.5,80,2,220,1005.8
2019,6,11,0,34.8,26,73,3,220,1006.5
2019,6,12,0,33,27.4,74,2,220,1007
2019,6,13,12.8,32.5,25.8,79,3,340,1006.6
2019,6,14,13.9,32.3,25.8,80,3,220,1006.2
2019,6,15,1,33.2,25.5,78,2,250,1005.5
2019,6,16,0.5,33.4,27.2,71,3,250,1006.8
2019,6,17,15,35.4,26.5,68,3,160,1007.8
2019,6,18,0,37,27.8,59,2,140,1007.7
2019,6,19,0.2,33.2,27.8,71,2,270,1006.3
2019,6,20,2.9,34.3,27,73,3,220,1006.1
2019,6,21,0,34.8,28.7,72,3,220,1005.9
2019,6,22,0,33.6,27.5,75,2,220,1005.3
2019,6,23,62.6,34.3,23,75,4,220,1007.2
2019,6,24,35.5,31.5,25,81,3,220,1007.5
2019,6,25,-1,33.3,26,77,3,220,1006.9
2019,6,26,2,31.6,26,81,3,220,1005.4
2019,6,27,11.1,31.4,25.8,82,4,220,1004.3
2019,6,28,28.8,32.6,24.5,87,3,250,1005.1
2019,6,29,34,31.9,24.4,84,4,200,1004.7
2019,6,30,28.8,31.1,25,77,4,220,1003.9
2019,7,1,32.3,28,25,86,3,220,1004.5
2019,7,2,0,31.5,26.2,74,3,220,1007.2
2019,7,3,0,33.8,26.5,69,3,250,1008.8
2019,7,4,0,33.7,27.2,66,3,220,1008.7
2019,7,5,0,32.2,25.9,72,3,220,1007
2019,7,6,0,33.2,27,75,3,250,1006.4
2019,7,7,-1,32.9,27,75,3,220,1007.8
2019,7,8,2.4,32.3,27.3,72,4,220,1008.3
2019,7,9,0,32.4,27.5,75,3,220,1007.7
2019,7,10,9.8,32.8,25.3,75,4,180,1008.6
2019,7,11,-1,34.5,27.5,69,3,220,1009.7
2019,7,12,0,34.2,26,70,3,290,1008.2
2019,7,13,41.6,33,23.3,69,2,270,1006.8
2019,7,14,8.1,32.9,25.5,85,3,220,1005.3
2019,7,15,10.1,29.9,25,84,2,220,1004.1
2019,7,16,15.5,30,24.9,76,4,250,1001.1
2019,7,17,21.8,28.9,25.3,85,5,220,1000.4
2019,7,18,17.7,30.5,25.5,85,5,220,1003.3
2019,7,19,2.4,32.3,25.9,79,4,220,1006.3
2019,7,20,0,32.8,26.5,75,2,250,1007.2
2019,7,21,0.1,31.7,25.6,79,2,270,1006.4
2019,7,22,0.5,31.3,26.5,78,2,250,1005.6
2019,7,23,0.3,31.7,26,80,2,290,1005.3
2019,7,24,3.2,32.9,25.8,76,3,220,1006.7
2019,7,25,-1,31.5,25.5,75,4,220,1007.8
2019,7,26,0,30.8,26.3,75,3,270,1006.6
2019,7,27,4.5,30.5,25,82,3,220,1005.9
2019,7,28,80.7,28.7,24.7,86,3,220,1006.4
2019,7,29,4.7,31.8,24.8,74,3,220,1006.5
2019,7,30,9,30.1,24.1,79,3,250,1005.9
2019,7,31,7.3,32.2,25.2,79,2,220,1005.3
2019,8,1,133.7,31.9,24.2,82,4,220,1005.7
2019,8,2,122.6,28.6,24,94,2,270,1004.6
2019,8,3,36.5,27.1,24.3,94,4,220,1002.6
2019,8,4,10.2,30.2,25,85,5,200,1000.9
2019,8,5,22.4,30.5,25.2,89,4,270,1001.5
2019,8,6,8.5,31.5,25.1,84,5,200,1000.1
2019,8,7,8,29.2,25,89,5,200,998.5
2019,8,8,33.8,29.2,25.2,84,7,220,999
2019,8,9,41.5,28.4,25,89,6,200,1002.8
2019,8,10,2,32,25.5,81,5,200,1005.2
2019,8,11,-1,30.4,27.3,81,5,220,1005.3
2019,8,12,0.2,30.9,26,84,6,220,1005.4
2019,8,13,0,30.5,27,83,7,220,1006.6
2019,8,14,0,31.5,26.5,82,5,220,1006.8
2019,8,15,0,30,27,83,5,200,1007.5
2019,8,16,0,31.8,27,80,5,220,1008.3
2019,8,17,0,31.7,27,81,4,220,1008.6
2019,8,18,0,32.2,27.2,75,4,220,1007.8
2019,8,19,-1,32.2,27,78,4,200,1005.7
2019,8,20,0.1,31.9,26.1,74,4,220,1005.5
2019,8,21,28.2,30.5,24.5,80,4,220,1006.5
2019,8,22,3.2,30.3,26.3,78,5,220,1005.6
2019,8,23,4.5,29.6,24.9,85,6,220,1004
2019,8,24,63.9,29.2,24.2,86,2,200,1005.4
2019,8,25,15.8,29.8,25,89,1,180,1007.3
2019,8,26,20.5,31.2,24,87,2,200,1005.7
2019,8,27,0.2,28.8,24.9,85,2,320,1002
2019,8,28,0,31.5,25.8,78,3,180,1004.2
2019,8,29,19.3,30,25,80,4,220,1007.7
2019,8,30,0.5,30.3,25.9,82,3,200,1007.4
2019,8,31,8.5,30.4,24,83,3,220,1005.9
2019,9,1,5.6,31.6,25.2,79,2,220,1005.2
2019,9,2,3.4,29.8,25.5,86,5,220,1006.1
2019,9,3,4,30.7,24.8,86,4,200,1006.7
2019,9,4,0,32.4,27.5,73,4,220,1006
2019,9,5,-1,31.3,27.4,75,5,200,1005.9
2019,9,6,-1,31.5,26,76,5,200,1005.8
2019,9,7,-1,32,27,79,5,220,1006.7
2019,9,8,13,32.4,24.6,81,5,220,1006.7
2019,9,9,29.1,30.1,23.7,88,4,320,1007.5
2019,9,10,-1,28.5,25,81,2,320,1008.5
2019,9,11,15.6,30.5,23.5,84,3,220,1006.8
2019,9,12,8.2,27.5,25,86,1,270,1003.5
2019,9,13,1.5,31.3,26,78,3,220,1005.4
2019,9,14,16.7,31.1,24.5,88,3,180,1005.9
2019,9,15,65.2,29.9,24,93,5,180,1005.6
2019,9,16,41.2,27.8,24,95,4,200,1004.3
2019,9,17,9.2,29.4,24.9,86,4,180,1004.6
2019,9,18,13.9,29.1,24.5,84,5,220,1006.1
2019,9,19,17.8,29.4,25,91,3,200,1006.8
2019,9,20,33.6,30.5,24.1,88,5,200,1005.4
2019,9,21,0,30.4,24.2,79,4,200,1007
2019,9,22,0,31.4,25.4,77,3,220,1009.9
2019,9,23,0,33,26.2,73,3,250,1009.6
2019,9,24,2.1,32,25.5,72,1,180,1010.5
2019,9,25,0,33,26.2,69,2,250,1010.2
2019,9,26,12.5,32.7,25.7,75,3,250,1009.8
2019,9,27,0,32.8,26.5,73,2,250,1009.2
2019,9,28,-1,33.5,27,73,3,220,1008.3
2019,9,29,0,32.2,26.5,81,5,200,1007
2019,9,30,-1,30.6,26.7,83,4,200,1007.8
2019,10,1,-1,31.8,26.5,76,3,200,1009.5
2019,10,2,2.3,31.8,23.5,79,3,290,1009.8
2019,10,3,0,32.3,25,71,3,290,1009.1
2019,10,4,0.5,32.8,25.5,73,2,220,1008.2
2019,10,5,0,30.8,25.6,75,3,200,1008.1
2019,10,6,0,32.2,25.5,72,1,250,1008.3
2019,10,7,-1,33.5,26.5,62,3,20,1009
2019,10,8,-1,32.5,26.7,63,3,40,1008.7
2019,10,9,0,32.6,26.2,63,3,90,1008.1
2019,10,10,0,33,26.5,69,2,200,1008.4
2019,10,11,46.4,31.5,23.5,75,3,220,1007.4
2019,10,12,2.8,32.9,26.5,74,3,220,1007.6
2019,10,13,0,32.6,26.7,62,2,220,1008.8
2019,10,14,0,33.8,26,62,2,250,1009.9
2019,10,15,0,33.3,26,62,2,40,1009.5
2019,10,16,-1,33.4,26.3,63,2,20,1008.9
2019,10,17,-1,31.8,26.5,65,2,250,1008.7
2019,10,18,0,31.6,26.5,66,2,250,1008.9
2019,10,19,1.6,32.9,26.2,75,2,250,1009.3
2019,10,20,0,33,26.2,74,2,140,1009
2019,10,21,-1,32,26.5,71,2,220,1007.1
2019,10,22,0,32.7,26,64,2,250,1006.5
2019,10,23,-1,34,25.9,69,2,220,1007.4
2019,10,24,-1,32.6,26.7,68,2,290,1009.1
2019,10,25,7.5,33.8,26,63,2,220,1009.5
2019,10,26,0,31.8,26.1,63,3,40,1009
2019,10,27,0.6,33.3,25.5,65,3,20,1007
2019,10,28,-1,30.6,26.5,78,2,40,1006.6
2019,10,29,0.4,32.3,25.7,79,2,40,1007.7
2019,10,30,-1,31.9,25.4,73,2,40,1008.3
2019,10,31,10.6,32,25.2,73,3,20,1007.3
2019,11,1,11.6,31.4,25,84,2,40,1006.6
2019,11,2,4.5,30.4,25.3,82,2,40,1005.9
2019,11,3,0,32.8,26.4,71,2,110,1006.9
2019,11,4,0,31.5,26.7,79,3,200,1006.3
2019,11,5,24.1,32,24.5,77,3,250,1003.7
2019,11,6,1.7,31.4,23.5,86,3,70,1003.2
2019,11,7,1.3,31.5,26,76,2,160,1004.3
2019,11,8,0,32.3,25.5,70,3,140,1006.2
2019,11,9,0,32,26,80,2,250,1008
2019,11,10,0,31.2,25.4,74,2,340,1008.6
2019,11,11,0,30.3,26,73,3,290,1008.7
2019,11,12,0,30.6,25.1,72,2,200,1008.9
2019,11,13,0,30.2,25.1,63,2,360,1008.5
2019,11,14,0,30.5,26,69,3,320,1006.5
2019,11,15,26.5,32.2,25.3,73,3,250,1007.1
2019,11,16,20.8,32.2,25.5,77,2,250,1007.6
2019,11,17,0,32.3,26.5,77,3,250,1006.8
2019,11,18,0,30.9,26,76,3,200,1006.9
2019,11,19,0,31.8,25.6,74,3,320,1006.4
2019,11,20,3,30.7,24.8,74,3,200,1006.1
2019,11,21,0,29.5,25.7,79,2,340,1008.6
2019,11,22,2,29.7,24.5,81,1,360,1010.1
2019,11,23,4.5,30.8,25.8,80,2,320,1011.3
2019,11,24,2,32.2,25.5,74,2,20,1009.9
2019,11,25,0.6,31.5,26.7,68,3,20,1009.4
2019,11,26,0.1,31.3,25.2,75,3,360,1009.9
2019,11,27,0.2,32.7,26,70,3,20,1009.1
2019,11,28,0.5,32.1,26.5,63,2,360,1009.3
2019,11,29,0,31.4,24.2,67,3,40,1010.8
2019,11,30,0,30.7,23.5,65,2,20,1009.9
2019,12,1,0,31.2,24,63,3,20,1007.8
2019,12,2,0.5,29.7,25.5,71,4,340,1005.2
2019,12,3,66.2,28.1,21.6,80,5,340,1002.4
2019,12,4,0,33.1,25.8,72,3,140,1007.2
2019,12,5,1,31.8,25.2,79,2,320,1008.9
2019,12,6,0,31.5,24.4,78,3,250,1008.4
2019,12,7,0,30.2,24.7,72,3,340,1009.6
2019,12,8,0,31.2,24,67,2,20,1011
2019,12,9,0,31,24.2,64,3,200,1010.5
2019,12,10,0,30.5,24.6,71,3,270,1009.6
2019,12,11,0,30.5,25.3,74,2,40,1009.7
2019,12,12,-1,30.4,24.8,70,3,20,1010.9
2019,12,13,1.2,31.6,24.7,72,2,20,1012.2
2019,12,14,0,31,25,74,2,360,1011.8
2019,12,15,0.1,33.1,25.5,67,3,20,1010.9
2019,12,16,0,33.5,25,64,4,40,1010.4
2019,12,17,0,33.1,25,63,2,20,1011
2019,12,18,0,33.7,24.9,62,3,70,1010.8
2019,12,19,0,30.7,24.5,70,2,250,1010.6
2019,12,20,0,31.8,24.7,73,3,250,1010.2
2019,12,21,0,31.7,25,72,2,90,1009.9
2019,12,22,0,32.3,23.5,67,2,220,1009
2019,12,23,-1,29,24.5,75,2,220,1009.8
2019,12,24,0,32.5,25.4,56,3,20,1009.4
2019,12,25,51.3,29,24.2,82,3,340,1007.1
2019,12,26,0,31.5,25.5,79,3,40,1007.6
2019,12,27,0,33.5,25.7,67,2,220,1008.7
2019,12,28,0,32.5,25.5,67,3,90,1010.6
2019,12,29,0,31.8,25.3,63,3,70,1011.6
2019,12,30,0,30.5,24.8,72,3,270,1012.7
2019,12,31,0.2,31,24.9,71,3,40,1013.7
2020,1,1,0.2,29.6,24.3,75,3,20,1014.3
2020,1,2,0,31.2,25,65,3,20,1014.2
2020,1,3,0,30.7,22.5,65,2,110,1012.6
2020,1,4,0,30.8,24,69,3,250,1011.4
2020,1,5,0,30.4,25.5,65,3,20,1011.9
2020,1,6,0,31,24.5,63,2,250,1011.6
2020,1,7,1.7,30.6,24.4,74,2,220,1011.2
2020,1,8,0,31.2,24.6,72,3,40,1010.8
2020,1,9,0,30.1,24.4,68,2,250,1010.1
2020,1,10,1.2,30.5,23.5,71,2,250,1009.1
2020,1,11,-1,30.5,24,69,1,250,1008.3
2020,1,12,0,30,24,74,2,270,1008.2
2020,1,13,0,28.8,24.5,76,2,290,1007.8
2020,1,14,-1,29.2,24.6,72,2,180,1010.2
2020,1,15,0,29.5,24,72,2,180,1010.6
2020,1,16,0,30.7,24.7,68,2,250,1010.4
2020,1,17,0,30.7,24.5,77,2,350,1010.4
2020,1,18,-1,29.5,24.3,74,2,320,1010.8
2020,1,19,0,29.5,23.8,72,1,200,1012.2
2020,1,20,0,29.3,24.2,70,2,90,1013.7
2020,1,21,0,31.4,23,58,3,40,1015.2
2020,1,22,0,30.9,24.1,57,3,40,1014.4
2020,1,23,0,31.8,24.8,56,3,40,1012.6
2020,1,24,4.2,28,23.5,80,2,320,1011.8
2020,1,25,1.2,29.3,24.5,85,2,320,1010
2020,1,26,0,31,24.8,76,3,250,1008.7
2020,1,27,0,31.5,24,76,3,340,1008.9
2020,1,28,0,30.2,23.8,75,2,320,1010
2020,1,29,0,30,23.1,72,3,250,1010.3
2020,1,30,0,30.2,22,65,4,340,1010.4
2020,1,31,0,28.3,22,66,2,340,1012.5
2020,2,1,0,30.1,22.6,63,3,40,1013.5
2020,2,2,-1,28,22.5,68,3,360,1014.3
2020,2,3,-1,26.7,21.5,65,3,40,1014
2020,2,4,0,29.2,22.6,61,2,250,1012.2
2020,2,5,0,30.8,24.7,66,2,360,1011
2020,2,6,-1,29.4,24.5,69,3,200,1011.1
2020,2,7,61.3,29.4,23.5,86,2,320,1012.3
2020,2,8,4.6,29.3,23.4,82,2,360,1012.6
2020,2,9,0,29.7,23.5,68,2,360,1013.2
2020,2,10,0,29,24,64,2,40,1014.6
2020,2,11,0,31.1,22.5,62,3,40,1015.5
2020,2,12,0,32,22.7,57,3,110,1014
2020,2,13,0.2,28.8,23.5,73,2,40,1013
2020,2,14,0,30.9,24.2,65,3,250,1011.2
2020,2,15,0,32.6,23.5,61,3,110,1011.6
2020,2,16,0,31.7,24.5,66,2,250,1012.3
2020,2,17,-1,30.2,25,68,3,40,1013.2
2020,2,18,0,31.3,23,61,3,20,1013.6
2020,2,19,0,30.3,23,61,3,250,1014.8
2020,2,20,0,29,23.2,57,3,40,1015.6
2020,2,21,0,32,23.8,56,3,20,1016.2
2020,2,22,0,32.2,23.2,56,2,220,1015.8
2020,2,23,0,31.8,23.8,65,4,70,1014
2020,2,24,0.5,32,24.4,66,3,40,1012.5
2020,2,25,0,31.6,24.2,60,3,90,1011.8
2020,2,26,0.9,29.6,23.4,74,2,140,1011.9
2020,2,27,0,31.8,24.5,57,3,40,1011.5
2020,2,28,0,32.3,24.8,58,2,90,1011.5
2020,2,29,0,32.5,24.6,60,3,70,1010.2
2020,3,1,0,31.5,24,63,2,220,1010
2020,3,2,0,32.5,24.5,59,3,40,1010.7
2020,3,3,0,31.3,25.3,65,3,270,1011.2
2020,3,4,0,30.4,24.1,65,3,140,1010.6
2020,3,5,0,31.5,25,60,3,250,1009.8
2020,3,6,0,33.1,24.9,64,2,250,1009.8
2020,3,7,0,33.3,25.3,69,3,250,1012.2
2020,3,8,0,32.8,26.4,74,3,250,1008.5
2020,3,9,0,35.2,26.7,70,3,140,1007.8
2020,3,10,8.5,32.8,25,77,3,220,1009.3
2020,3,11,8.5,32.9,26,66,3,110,1011.5
2020,3,12,0,33.8,25.3,56,4,70,1012.4
2020,3,13,0,33.7,25.5,56,3,140,1012.3
2020,3,14,1,32.8,25,69,3,250,1010.7
2020,3,15,0,32.7,26,66,3,110,1011.2
2020,3,16,0.8,29.5,25.5,69,2,70,1012.4
2020,3,17,0,30.7,25,66,2,200,1012.4
2020,3,18,0,32.4,24.5,58,3,140,1011
2020,3,19,0,33.5,25,63,3,140,1010.9
2020,3,20,0,33.4,25.5,66,3,140,1010.9
2020,3,21,0,34.7,26.6,61,3,110,1011.3
2020,3,22,0,35.4,25.9,62,2,140,1010.7
2020,3,23,0,34.5,25.8,60,3,140,1009.6
2020,3,24,0,33.6,26,57,3,70,1009.3
2020,3,25,0,33.8,25.5,53,3,110,1009.5
2020,3,26,0,33,25.7,53,3,90,1010.6
2020,3,27,0,34.6,26.3,56,3,110,1009.9
2020,3,28,0,34.2,26.5,63,3,250,1009
2020,3,29,0,34.9,26.7,57,2,110,1008.4
2020,3,30,0,34.3,26,60,2,250,1008.6
2020,3,31,0,35.5,26,54,2,110,1009.1
2020,4,1,0,34,26.5,59,3,140,1009.5
2020,4,2,0,34.5,25.5,54,3,40,1010.8
2020,4,3,0,33.8,25.6,54,2,140,1011.1
2020,4,4,0,33.9,25.3,57,2,140,1010.6
2020,4,5,0,33.5,25.5,54,3,140,1010.6
2020,4,6,0,34,26.5,56,2,140,1009.2
2020,4,7,0,34.1,26.4,65,2,200,1008.3
2020,4,8,0,28.7,26.5,71,3,250,1009.4
2020,4,9,6.5,32.5,25.5,70,2,70,1011
2020,4,10,-1,32,26.5,65,2,40,1011.5
2020,4,11,-1,31.8,26.8,65,2,140,1009.9
2020,4,12,0,31.4,25.5,74,3,200,1008.8
2020,4,13,0,32.2,25.6,71,2,70,1009.1
2020,4,14,0,31.5,26,65,3,140,1010.6
2020,4,15,0,33,26.4,69,2,290,1010.1
2020,4,16,3,34.4,26.3,68,2,20,1009.7
2020,4,17,8.1,33,26.9,66,2,40,1010.5
2020,4,18,0,34,27,65,2,360,1010.7
2020,4,19,0,35.1,26.7,63,1,140,1009.9
2020,4,20,0,34.5,26.8,62,3,110,1009.8
2020,4,21,0,35,27.3,55,2,110,1009
2020,4,22,0,35.6,27.5,59,3,140,1008.6
2020,4,23,0,34.5,27,65,2,140,1008.9
2020,4,24,0,35,27,54,3,70,1008.5
2020,4,25,0,34,27.1,62,3,270,1009.3
2020,4,26,0,34.9,26.5,61,2,220,1009.3
2020,4,27,-1,32.6,26.2,64,2,110,1009.6
2020,4,28,0,36.1,26.4,56,3,140,1009.2
2020,4,29,0,34.2,27,58,3,110,1009.8
2020,4,30,-1,33.8,26.5,58,3,110,1009.4
2020,5,1,0,34.9,26.5,60,2,140,1007.8
2020,5,2,-1,35,26.7,54,2,140,1006.8
2020,5,3,0,32.1,27.5,68,1,90,1007.8
2020,5,4,0,35.9,27.8,65,2,270,1007.5
2020,5,5,0,37.2,28,59,3,140,1007.3
2020,5,6,5.8,35.4,26.4,71,3,200,1007.6
2020,5,7,0,34.2,28.2,72,3,200,1007.3
2020,5,8,0,35.5,28.2,62,2,140,1007.5
2020,5,9,23.4,35,24.5,69,2,180,1007.7
2020,5,10,35.6,35.6,25,70,2,250,1007.9
2020,5,11,0,35.8,27.5,62,3,320,1006.9
2020,5,12,0,35.6,27.8,65,3,200,1007.5
2020,5,13,-1,35.8,27.5,65,2,250,1007.5
2020,5,14,1.5,32,27,80,2,40,1006.8
2020,5,15,57.6,29,23.5,87,3,320,1003.4
2020,5,16,0,32.5,26.7,75,2,250,1005.2
2020,5,17,0,34.9,27.5,73,2,180,1004.3
2020,5,18,0,33.4,27.8,74,2,160,1005.1
2020,5,19,0,33,27.8,74,2,40,1006.1
2020,5,20,0,34.9,28.3,68,2,140,1006.9
2020,5,21,0,34.2,28.3,72,3,200,1006.7
2020,5,22,0.1,33.5,26.8,74,3,200,1006.9
2020,5,23,20.3,33.8,25.3,81,3,200,1008.4
2020,5,24,0,33.1,26.8,70,2,340,1010.2
2020,5,25,-1,33.8,27,70,2,200,1009.6
2020,5,26,0,34.4,27,72,2,140,1008.9
2020,5,27,1.2,34.3,26,75,2,250,1009.2
2020,5,28,0.5,34,27,69,2,140,1009.8
2020,5,29,9.3,34.8,26.8,71,2,250,1010
2020,5,30,0,34.7,27.4,71,2,250,1010.7
2020,5,31,0,35.3,27.5,58,3,140,1009.6
2020,6,1,-1,34.7,27.5,63,3,140,1009
2020,6,2,0,35.7,27.8,64,3,160,1008.4
2020,6,3,0,35.2,28.5,70,3,200,1008.1
2020,6,4,0.2,34.7,28,71,3,200,1008
2020,6,5,0,35.5,28.2,62,3,140,1007.6
2020,6,6,0,35.5,28,61,3,140,1006.9
2020,6,7,0.2,35.5,27.5,65,3,140,1006.3
2020,6,8,0,34.9,27,63,2,110,1007.3
2020,6,9,2.5,33,27,70,2,340,1007.3
2020,6,10,26.6,32,24.8,81,3,70,1006.5
2020,6,11,141.1,32.5,25.4,84,4,180,1003.3
2020,6,12,-1,30.5,26,76,3,140,1005.1
2020,6,13,0,33.7,27.3,66,3,110,1008
2020,6,14,0,34.4,27.3,65,3,40,1010
2020,6,15,26.6,30.4,25.3,79,2,250,1010
2020,6,16,0,34.6,27,65,2,270,1007.9
2020,6,17,0,34.9,26.5,64,3,140,1007.6
2020,6,18,0.1,34.1,26.4,65,2,220,1007.7
2020,6,19,0.5,32,25.5,76,2,340,1008.8
2020,6,20,0.3,32.3,26.3,74,2,210,1008.2
2020,6,21,0,35,27.8,68,3,20,1007
2020,6,22,33.1,34.8,27.5,73,3,20,1006.5
2020,6,23,-1,35.8,26.4,70,3,220,1007.5
2020,6,24,-1,34.8,27,72,3,340,1007.3
2020,6,25,19,34,25.5,76,2,320,1007.7
2020,6,26,1,34.1,25.7,69,2,90,1007.7
2020,6,27,3.3,33.7,25.9,70,3,20,1008.4
2020,6,28,7.7,32.1,26,79,3,90,1008.9
2020,6,29,0.8,31.4,26.7,75,3,220,1007.8
2020,6,30,0,32.2,26.5,74,3,220,1007.9
2020,7,1,0,33.1,26.5,67,3,220,1006.9
2020,7,2,0,34.5,27,65,2,220,1007.2
2020,7,3,-1,35.4,26.5,66,2,90,1008.4
2020,7,4,9.2,32,25.2,84,2,20,1008.5
2020,7,5,-1,33.7,26.7,71,3,220,1007.7
2020,7,6,0.5,35.7,26.7,69,3,210,1008.5
2020,7,7,0,34.1,27.2,64,2,290,1008.7
2020,7,8,1.4,33.6,26.5,72,2,320,1006.8
2020,7,9,-1,34.8,28,71,2,140,1005.8
2020,7,10,1,34.4,26.2,70,2,200,1007.4
2020,7,11,1,33.5,26.5,74,2,220,1007.6
2020,7,12,1,32,26.5,76,2,20,1006.5
2020,7,13,4,28.7,25.6,82,2,170,1007
2020,7,14,0,33.4,26.8,68,3,220,1007.2
2020,7,15,1.2,34.1,26.1,68,3,70,1007.1
2020,7,16,0,35.3,25.2,61,2,340,1007.2
2020,7,17,0.4,35.3,26.8,68,3,160,1008.7
2020,7,18,0,34.8,27,59,3,110,1007.6
2020,7,19,11.1,33.5,26,71,2,110,1007.4
2020,7,20,-1,34.7,27,68,2,110,1007.6
2020,7,21,18.6,33,24,74,2,250,1007.9
2020,7,22,-1,32.3,27,76,2,280,1007.2
2020,7,23,0.8,34.9,25.9,67,2,360,1007.2
2020,7,24,0,31.8,26.5,73,2,40,1007.4
2020,7,25,0.4,34.8,25.3,69,2,40,1007.5
2020,7,26,8.5,34.7,26.5,71,2,200,1007
2020,7,27,15.8,33.4,26,76,3,180,1006.6
2020,7,28,0,30.8,23.5,74,3,180,1005.8
2020,7,29,-999,-999,-999,-999,-999,-999,-999
2020,7,30,-999,-999,-999,-999,-999,-999,-999
2020,7,31,-999,-999,-999,-999,-999,-999,-999
2020,8,1,-999,-999,-999,-999,-999,-999,-999
2020,8,2,-999,-999,-999,-999,-999,-999,-999
2020,8,3,-999,-999,-999,-999,-999,-999,-999
2020,8,4,-999,-999,-999,-999,-999,-999,-999
2020,8,5,-999,-999,-999,-999,-999,-999,-999
2020,8,6,-999,-999,-999,-999,-999,-999,-999
2020,8,7,-999,-999,-999,-999,-999,-999,-999
2020,8,8,-999,-999,-999,-999,-999,-999,-999
2020,8,9,-999,-999,-999,-999,-999,-999,-999
2020,8,10,-999,-999,-999,-999,-999,-999,-999
2020,8,11,-999,-999,-999,-999,-999,-999,-999
2020,8,12,-999,-999,-999,-999,-999,-999,-999
2020,8,13,-999,-999,-999,-999,-999,-999,-999
2020,8,14,-999,-999,-999,-999,-999,-999,-999
2020,8,15,-999,-999,-999,-999,-999,-999,-999
2020,8,16,-999,-999,-999,-999,-999,-999,-999
2020,8,17,-999,-999,-999,-999,-999,-999,-999
2020,8,18,-999,-999,-999,-999,-999,-999,-999
2020,8,19,-999,-999,-999,-999,-999,-999,-999
2020,8,20,-999,-999,-999,-999,-999,-999,-999
2020,8,21,-999,-999,-999,-999,-999,-999,-999
2020,8,22,-999,-999,-999,-999,-999,-999,-999
2020,8,23,-999,-999,-999,-999,-999,-999,-999
2020,8,24,0,34.4,28.8,74,4,210,1007.7
2020,8,25,0,33,28.2,75,5,220,1006.9
2020,8,26,0,32.3,27.2,70,4,220,1006.2
2020,8,27,0,32.8,28,72,3,220,1005.9
2020,8,28,0,32,27.7,73,3,270,1005.4
2020,8,29,-1,32.8,27.4,72,2,270,1004.3
2020,8,30,-1,31.7,25.5,71,4,250,1004.6
2020,8,31,0.3,32,26.5,77,3,220,1005.2
2020,9,1,24.3,32.3,25.2,76,3,270,1006.3
2020,9,2,-1,32.2,27,78,2,220,1007.7
2020,9,3,2.8,34.3,27.3,68,3,210,1009.3
2020,9,4,0,33.8,26.5,72,3,250,1006.9
2020,9,5,0,33,27.5,68,2,220,1004.7
2020,9,6,2,34,28,75,4,220,1005.4
2020,9,7,0,33,26.7,76,3,250,1007.9
2020,9,8,0,34,26.5,70,2,110,1009.3
2020,9,9,15.5,32.5,26.1,75,2,160,1007.3
2020,9,10,-1,34,26.2,68,2,250,1005.7
2020,9,11,3,33.4,25.6,76,3,70,1007.3
2020,9,12,0.3,30.7,26.2,79,1,140,1009.2
2020,9,13,0,33.5,26.5,70,2,270,1007.5
2020,9,14,36.5,33.9,25.3,80,2,360,1006.5
2020,9,15,9.7,31.3,22.8,85,3,340,1005
2020,9,16,-1,31.1,27,76,3,140,1004.6
2020,9,17,0.1,29,25.9,78,2,140,1007.2
2020,9,18,0.1,32.1,26.2,72,1,140,1009.8
2020,9,19,9.5,31.5,26.2,79,2,20,1009.3
2020,9,20,-1,33.7,26.2,74,4,140,1007.5
2020,9,21,-1,34.7,27.2,66,3,140,1006.4
2020,9,22,13.1,34.3,26.2,70,4,360,1006.7
2020,9,23,22.8,32.1,24.2,78,2,200,1007.8
2020,9,24,1.2,32,26.5,76,3,220,1007
2020,9,25,0.8,31.2,26,83,2,70,1006
2020,9,26,-1,32.2,26.4,77,2,140,1006.8
2020,9,27,0,34.6,27.2,73,2,200,1008.1
2020,9,28,18.6,34,26.2,72,3,200,1008.5
2020,9,29,13.3,32.8,25.5,79,3,200,1006.3
2020,9,30,7.8,32.4,26,81,2,250,1004.8
2020,10,1,15.8,32.9,25.1,78,3,210,1005.6
2020,10,2,15.8,31.8,25.9,77,3,220,1006.7
2020,10,3,30.5,33.2,25.5,77,2,40,1006.1
2020,10,4,1,33.7,24.5,72,2,80,1004.8
2020,10,5,7,31,26.5,75,2,340,1005.1
2020,10,6,5.6,31.5,25.5,75,1,70,1005.9
2020,10,7,5.1,30,25.4,81,2,340,1005.8
2020,10,8,0.2,29.8,25.5,84,2,90,1006.6
2020,10,9,0.8,30.2,24,80,2,10,1006.6
2020,10,10,17.9,31.8,25,82,3,200,1005.3
2020,10,11,20.1,29,24.4,91,3,220,1004.8
2020,10,12,3.8,30.2,25,87,2,40,1006.1
2020,10,13,20,32.5,24.5,80,2,270,1007.2
2020,10,14,24.7,28.3,23.9,94,3,360,1006.5
2020,10,15,-1,31.1,25.2,73,2,140,1006.2
2020,10,16,12.3,33.1,26.3,73,2,340,1006.4
2020,10,17,10.5,29.5,25,80,2,20,1007.4
2020,10,18,0.2,29.8,23.1,82,2,360,1008
2020,10,19,0.3,32.5,26.5,67,3,40,1005.5
2020,10,20,25.9,27.5,25.2,89,5,180,1001.8
2020,10,21,1.1,31,25.5,76,4,140,1002.6
2020,10,22,1.7,33.4,25.5,74,3,200,1004.6
2020,10,23,-1,31.4,26.2,76,3,220,1006.3
2020,10,24,17.4,31.5,24.5,87,2,220,1007.6
2020,10,25,60.1,29.8,23.5,86,4,340,1003.8
2020,10,26,0.4,29,25.6,76,5,90,1001.8
2020,10,27,0,31.5,26,71,3,140,1007
2020,10,28,-1,32.1,25,73,3,20,1010.7
2020,10,29,11.5,30,25.4,82,2,20,1010.4
2020,10,30,0,32,25.5,71,2,20,1008
2020,10,31,1.2,32.7,25.2,66,3,40,1006.8
2020,11,1,20.5,27,22,84,5,340,1002.2
2020,11,2,0,31.7,24.4,74,2,170,1007.1
2020,11,3,0,31.8,26,76,2,220,1008.8
2020,11,4,0.6,30.4,25,80,2,220,1009.6
2020,11,5,0,31.4,25.9,75,2,200,1010.4
2020,11,6,0,32,25.8,74,2,40,1009.8
2020,11,7,7.4,31,22.7,82,2,20,1008.6
2020,11,8,-1,32.4,25.5,79,2,220,1006
2020,11,9,-1,31.3,25.5,77,1,320,1007.7
2020,11,10,1.7,29.2,24.8,85,2,140,1008.1
2020,11,11,101.5,28.7,22.3,88,7,270,1000.9
2020,11,12,31.8,29.2,24.2,93,4,140,1004.9
2020,11,13,0,33.7,26.5,73,3,90,1008
2020,11,14,3.5,31.8,26.3,78,2,320,1009.6
2020,11,15,0.3,32.9,26,69,2,40,1010.6
2020,11,16,1.2,31.5,25.5,78,2,40,1009.4
2020,11,17,0,31.1,25.4,73,1,40,1008.8
2020,11,18,-1,32.8,25,68,2,40,1007.6
2020,11,19,0,32.3,25.5,71,2,220,1007.1
2020,11,20,-1,32.5,25,71,2,70,1008.3
2020,11,21,0,33.2,25.5,62,2,40,1009.4
2020,11,22,0,33.5,24.5,58,3,70,1010.2
2020,11,23,-1,31.5,25.5,63,2,20,1010.6
2020,11,24,0,33.1,25.4,58,2,360,1010.8
2020,11,25,-1,32.8,25,63,3,20,1010.1
2020,11,26,0.7,31.5,24.3,64,3,20,1009.2
2020,11,27,1.2,28.8,20.9,82,1,340,1010.3
2020,11,28,2.7,32.8,22.9,78,3,340,1010.5
2020,11,29,11.5,30,22.8,85,2,20,1010.2
2020,11,30,0,30.2,24,65,3,360,1009.8
2020,12,1,0,31.4,25,61,3,20,1008.4
2020,12,2,0,30.6,25,77,2,140,1007.3
2020,12,3,0,30.1,25.6,78,2,140,1007.2
2020,12,4,0.1,29.6,25,79,1,160,1007.4
2020,12,5,11.4,30.5,25,80,2,250,1008.1
2020,12,6,0.3,32.3,26,76,2,250,1008.6
2020,12,7,9.1,27.8,25,87,2,320,1009
2020,12,8,0.3,33.3,25.3,74,2,20,1009.4
2020,12,9,22.6,30.2,24.5,80,1,40,1008.7
2020,12,10,6.2,27,24.4,90,1,320,1009.1
2020,12,11,0,32.3,25.9,78,2,250,1008.9
2020,12,12,0,30.7,26,75,1,90,1008
2020,12,13,0,32.2,25.5,75,2,90,1008.4
2020,12,14,0,31.6,25.5,69,1,20,1009.3
2020,12,15,0,31.4,24.9,70,2,20,1010.1
2020,12,16,0,33.7,25.5,62,2,20,1010.5
2020,12,17,0.7,29,24.4,78,1,20,1009.8
2020,12,18,28.7,30,23.5,81,2,20,1008.5
2020,12,19,16,27.5,23.5,88,2,20,1008.2
2020,12,20,-1,30.8,24.2,82,2,20,1008.5
2020,12,21,0.7,29.5,24.5,81,2,360,1008.5
2020,12,22,0,30.9,25.4,74,2,40,1008.8
2020,12,23,0,33.9,25.4,67,2,20,1008.8
2020,12,24,0,32.2,24.9,71,1,20,1008.9
2020,12,25,0,31.1,25.5,71,2,40,1009.4
2020,12,26,13.8,30.7,23.9,80,2,20,1008.2
2020,12,27,28.3,25.5,23,93,2,340,1007
2020,12,28,0,31,25.3,76,2,20,1006.5
2020,12,29,17.5,33.1,24.9,78,2,270,1007.7
2020,12,30,14.6,31.9,25.4,72,3,340,1008.5
2020,12,31,0,29.8,23.5,64,3,320,1010.6
2021,1,1,0,28.2,23.5,65,2,20,1011.2
2021,1,2,0,30.5,24.5,68,3,40,1010.3
2021,1,3,33.6,26.3,22.7,87,1,360,1010.6
2021,1,4,0.7,32.2,25,73,2,20,1010.3
2021,1,5,-1,29.9,24.4,77,2,360,1010.6
2021,1,6,0,32.5,24.5,71,2,90,1009.1
2021,1,7,-1,29.9,24.8,73,1,360,1008.6
2021,1,8,0,29.9,24.3,69,3,330,1008.5
2021,1,9,0,29.6,24.1,62,3,20,1009.6
2021,1,10,0,29.5,23,62,2,340,1010.6
2021,1,11,0,28,23,63,2,40,1011.1
2021,1,12,0,28.2,23.2,61,2,20,1010.4
2021,1,13,0,29.1,24.2,68,3,340,1009.7
2021,1,14,0,30.2,24.5,74,1,360,1009.4
2021,1,15,0,30.4,24.7,71,2,360,1007.6
2021,1,16,0,29.1,25,72,1,250,1007.9
2021,1,17,0.2,30.5,24.5,68,3,40,1008.5
2021,1,18,0,29.8,25.5,66,4,40,1008.8
2021,1,19,-1,29.3,24.8,72,2,350,1008.4
2021,1,20,56,28,23,92,2,40,1007.9
2021,1,21,0.1,30.2,25.4,84,2,270,1007.6
2021,1,22,4.7,32,24.2,81,3,110,1007.7
2021,1,23,0,30.5,25.2,83,2,180,1008.7
2021,1,24,14.5,32,25,77,1,220,1009.7
2021,1,25,0.2,28.8,24,81,2,320,1009.6
2021,1,26,0.6,29,25.1,78,1,270,1009.2
2021,1,27,14.8,29.1,24.8,83,1,160,1009.4
2021,1,28,0,29.8,24.5,70,2,20,1010.8
2021,1,29,0,29.5,23.5,60,2,20,1011.5
2021,1,30,0,28.8,21.8,62,2,40,1013.2
2021,1,31,-1,29.8,21.9,65,1,40,1013.3
2021,2,1,0,30.8,24,64,2,20,1012.4
2021,2,2,0,29.8,22.9,66,2,20,1012.3
2021,2,3,0,31.7,24,63,2,40,1011.4
2021,2,4,0,31.5,25,60,2,70,1012
2021,2,5,0,31.5,22,64,3,20,1011.7
2021,2,6,0,31.3,23.4,66,2,40,1011.8
2021,2,7,0,32,25,68,2,20,1010.5
2021,2,8,-1,32,25,63,3,70,1010.1
2021,2,9,10.8,27.6,24,75,2,40,1008.9
2021,2,10,16.6,30.1,23.2,82,2,220,1008.9
2021,2,11,0,31,24.4,76,3,180,1011
2021,2,12,0,31.5,23,74,4,340,1008.7
2021,2,13,1.8,27.5,23.6,84,2,140,1009.8
2021,2,14,0,30.5,24.6,77,2,360,1009.7
2021,2,15,0.2,29,24,74,2,140,1009.9
2021,2,16,0,30.8,23.2,65,2,40,1010.4
2021,2,17,0,31,24.5,69,2,110,1011.2
2021,2,18,0,31,23,62,3,20,1010.6
2021,2,19,0,28.8,22.7,57,3,360,1013.8
2021,2,20,0,28.3,21.8,58,3,360,1012.9
2021,2,21,-1,28.5,23.6,70,3,70,1010.9
2021,2,22,0.6,27.5,23.5,80,2,20,1008.4
2021,2,23,0.6,30.5,24.5,80,2,220,1007.2
2021,2,24,-1,32.9,23.6,72,2,290,1006.9
2021,2,25,0,33.6,22.9,63,3,70,1006.7
2021,2,26,0,34,24.5,69,3,160,1006.9
2021,2,27,0,32.5,25.9,70,2,270,1008.5
2021,2,28,4.5,31.8,25.5,74,2,70,1010.2
2021,3,1,0.1,31.8,25,71,2,160,1011.8
2021,3,2,3.8,32,25.5,72,2,40,1011.6
2021,3,3,-1,32.4,25.5,68,2,40,1012.3
2021,3,4,0,32.2,25.5,65,2,70,1012.8
2021,3,5,0,33.6,24.1,62,2,40,1013.2
2021,3,6,0,33.1,23.6,58,3,70,1013.6
2021,3,7,0,32.4,25,60,2,70,1012.6
2021,3,8,0,31.8,25,60,2,20,1012.1
2021,3,9,-1,31.6,25,60,2,70,1012.6
2021,3,10,0,32.4,23.4,57,3,340,1013.1
2021,3,11,-1,33.8,23.5,56,3,360,1013.3
2021,3,12,1.3,31,24,75,2,20,1011.3
2021,3,13,1.2,29.5,25.4,67,2,40,1009.8
2021,3,14,0,30.5,25,68,2,360,1008.4
2021,3,15,-1,32,25.4,76,2,340,1007.9
2021,3,16,0.8,33.4,25.3,77,2,180,1008.6
2021,3,17,2.5,34.4,25.5,71,3,20,1008.5
2021,3,18,0,34,26,68,2,140,1007.6
2021,3,19,-1,31.9,25.2,73,3,20,1007.3
2021,3,20,1.8,33.4,26.1,68,2,200,1006.5
2021,3,21,19.5,32.2,25.7,74,2,70,1008.5
2021,3,22,0.2,31.8,26.5,64,2,20,1010.7
2021,3,23,0,32,25.5,61,2,90,1011
2021,3,24,0,33.4,23.9,66,2,20,1010.1
2021,3,25,0,33.8,24.7,64,3,40,1009.9
2021,3,26,0,33.5,26,62,2,90,1009
2021,3,27,0,33,26,65,1,90,1008
2021,3,28,0,33.7,26.5,62,2,90,1007
2021,3,29,0,33.2,26,60,2,140,1006.2
2021,3,30,0,35.1,24.7,61,3,200,1004.3
2021,3,31,0,33.7,25.7,64,2,40,1003.8
2021,4,1,0,34,25,59,2,160,1005.6
2021,4,2,0,35.2,23.4,53,3,270,1007.9
2021,4,3,0,33.9,24.3,62,2,90,1008
2021,4,4,0.3,33.5,25,61,2,90,1008.6
2021,4,5,0,33.1,26,72,2,70,1009.8
2021,4,6,0,34.1,25.9,73,2,90,1009.6
2021,4,7,0,31.9,24.7,75,2,90,1008.9
2021,4,8,0,32.2,26,73,2,90,1008
2021,4,9,0,32.1,25.7,77,2,110,1008.9
2021,4,10,0,33.8,24,78,2,80,1011.1
2021,4,11,0,33.4,25.9,69,2,100,1011.7
2021,4,12,0,32,26.5,73,2,70,1010.3
2021,4,13,0,32,26.7,73,2,200,1008.9
2021,4,14,0,33,26.7,74,2,90,1008.1
2021,4,15,0,32.8,25.9,79,3,90,1008.3
2021,4,16,0,34.9,25.7,71,3,70,1008.3
2021,4,17,0,32,26.8,78,3,200,1008.4
2021,4,18,0,31.6,25.9,71,3,360,1005.7
2021,4,19,0,33.5,26,66,3,20,1004.1
2021,4,20,0,31.4,21.7,79,4,220,1004.2
2021,4,21,0,31.5,27,78,2,360,1004.5
2021,4,22,0,32.4,26.7,73,4,220,1004.6
2021,4,23,0,32.8,21.9,69,4,360,1005.7
2021,4,24,0,31.8,22.1,73,3,200,1007.8
2021,4,25,0,32,25.5,69,3,20,1008.2
2021,4,26,9.4,30,26.2,72,3,90,1009.7
2021,4,27,0.2,31.5,25,68,3,90,1011.2
2021,4,28,0,33.2,25.1,64,3,140,1010.8
2021,4,29,0,32,26.8,70,3,250,1009.2
2021,4,30,0,34.3,25,69,3,200,1009.6
2021,5,1,0,34.4,26.2,65,3,160,1010.4
2021,5,2,0,34.5,26.7,56,3,160,1010.1
2021,5,3,0,34.8,27,56,3,90,1009.1
2021,5,4,0.4,34.4,27.5,57,3,90,1008.8
2021,5,5,0,36,25.4,55,3,140,1009
2021,5,6,0,36.1,27.8,54,3,70,1009.9
2021,5,7,3,35,27,62,2,90,1008.9
2021,5,8,18,33.5,27,66,2,160,1008
2021,5,9,0,35.5,27.2,64,2,90,1007.2
2021,5,10,0,33,28,66,2,250,1008
2021,5,11,0,35.9,26,64,3,110,1008.1
2021,5,12,0,36,28.8,57,3,90,1007.5
2021,5,13,0,35.3,27.6,54,3,70,1007
2021,5,14,0,36.4,27.9,54,3,90,1008.7
2021,5,15,0,34.4,27.7,61,3,90,1008.9
2021,5,16,0,36.3,27,54,4,90,1008.2
2021,5,17,0,36,28.5,57,3,90,1007.8
2021,5,18,0,35.4,28.1,60,3,110,1007.8
2021,5,19,0,35.4,27,57,3,110,1008.2
2021,5,20,0,35.3,27.2,64,4,140,1009.5
2021,5,21,0,36,27.5,65,3,200,1007.9
2021,5,22,0,34,27.5,72,3,220,1007
2021,5,23,0,35.8,26.9,67,3,200,1007.4
2021,5,24,0.2,33.8,26.5,65,3,340,1008.6
2021,5,25,0,36.4,27.5,60,3,160,1008.3
2021,5,26,0,35,27.2,62,3,20,1008.1
2021,5,27,0,34.4,28.2,62,2,270,1008.6
2021,5,28,37.6,36.1,25,65,2,320,1010
2021,5,29,0,36.6,26.5,65,3,220,1008.8
2021,5,30,5,35.3,27,71,3,250,1006.2
2021,5,31,7.8,34.8,28,71,4,200,1004.7
2021,6,1,0.9,34.5,26.5,67,3,200,1005.1
2021,6,2,35.2,30.1,24.5,81,4,110,1004.7
2021,6,3,2.4,32.4,26.5,79,4,200,1007.9
2021,6,4,0,33.1,26.2,75,3,220,1007.3
2021,6,5,0,33.5,26,71,4,250,1006.7
2021,6,6,0,32.8,24.1,71,3,320,1007.7
2021,6,7,-1,32.5,27.5,74,3,220,1008.3
2021,6,8,0.2,31.2,24.3,82,2,220,1008.6
2021,6,9,5.2,30,24.5,83,2,70,1006.5
2021,6,10,2.5,34.7,25.4,75,2,110,1005
2021,6,11,17.3,32.3,23.2,77,2,250,1007.6
2021,6,12,0,33.4,25,72,3,140,1009.9
2021,6,13,1.7,33,25,76,3,200,1009.4
2021,6,14,0,32.5,27,73,3,220,1008
2021,6,15,0,32.7,27,70,3,220,1007.3
2021,6,16,0,33.1,23,73,4,250,1010.1
2021,6,17,0,34.3,25.5,68,3,220,1010.5
2021,6,18,0,34,28,65,4,290,1008.8
2021,6,19,0,33.6,27.2,69,4,220,1007.4
2021,6,20,3.2,33.8,25.5,72,4,220,1006.7
2021,6,21,27,29.8,26,82,4,220,1007.8
2021,6,22,7.5,32.1,25.5,76,4,220,1009.4
2021,6,23,0,32.5,25.5,72,3,340,1009.1
2021,6,24,0,31.9,26.7,72,3,220,1008.6
2021,6,25,-1,32.1,22.8,77,2,320,1008.3
2021,6,26,0.9,33.8,23.4,69,3,270,1009
2021,6,27,2.5,33,25.2,79,2,40,1008.7
2021,6,28,2.4,32,25.5,79,3,220,1007.9
2021,6,29,0,33,27.1,72,2,220,1008.1
2021,6,30,0,33.3,24.8,69,3,220,1007.9
2021,7,1,4.8,33.9,24.7,72,3,20,1007.9
2021,7,2,0,33.7,25.5,71,3,250,1007.4
2021,7,3,45.2,29.4,24.4,86,2,20,1005
2021,7,4,2.1,31.4,25.8,79,2,90,1003.8
2021,7,5,0.6,31.5,26.5,77,3,250,1005.2
2021,7,6,10.4,31.8,25.2,77,3,70,1008.2
2021,7,7,-1,33.5,26.5,65,2,90,1008.6
2021,7,8,0,34.2,27,63,2,200,1007.9
2021,7,9,0.8,32.2,23.5,68,3,70,1007.4
2021,7,10,2.3,33.2,23.7,68,2,140,1007.5
2021,7,11,-1,33.3,26.8,67,2,110,1008.5
2021,7,12,9.7,32.5,26.7,74,2,270,1007.9
2021,7,13,-1,32.2,25.6,77,3,140,1007
2021,7,14,22.8,34,25.7,74,2,250,1006.2
2021,7,15,4.1,32.6,23.5,79,3,180,1006.9
2021,7,16,97.5,33.3,24.5,79,4,220,1006.1
2021,7,17,3,31.5,26,79,3,200,1003.8
2021,7,18,12.8,31.4,24.7,79,4,220,1003.7
2021,7,19,15.2,31.3,25.5,83,4,180,1004.8
2021,7,20,56.4,30.3,23.5,87,3,220,1005
2021,7,21,80,28.2,23.7,91,4,220,1003.9
2021,7,22,76.5,28.2,24.5,88,4,220,1001.5
2021,7,23,206.9,29.3,22.8,89,4,200,1001.7
2021,7,24,92.1,28.3,22,92,5,200,1003.9
2021,7,25,34,29.5,24,87,6,220,1005
2021,7,26,7.1,31,25.6,81,6,220,1003
2021,7,27,25.9,29.5,25.1,89,6,220,1001.6
2021,7,28,59.7,29.2,21.5,93,6,220,1003.3
2021,7,29,10.3,28.8,25.2,90,3,200,1006.1
2021,7,30,1,32,25.3,79,4,220,1006.7
2021,7,31,1.3,31.2,26.5,82,5,220,1005.9
2021,8,1,0.5,31.2,25.5,79,6,220,1004.4
2021,8,2,19.8,31.1,25,81,5,220,1003.8
2021,8,3,2,31.6,25,80,7,220,1004.7
2021,8,4,0,32.4,27.4,77,5,220,1005.4
2021,8,5,4.5,32.3,25.9,79,6,220,1006.1
2021,8,6,0.8,32.4,25.9,78,5,220,1006.9
2021,8,7,-1,32.5,24.9,78,5,220,1008.2
2021,8,8,0,32.5,26,73,4,220,1008.7
2021,8,9,4.6,32.1,25.5,74,3,250,1007.7
2021,8,10,3.7,29.7,24,77,3,200,1008.2
2021,8,11,0,30.8,23.5,77,3,220,1010.7
2021,8,12,0,31.6,24.2,73,2,290,1010.1
2021,8,13,-1,35.5,26,59,2,180,1008.1
2021,8,14,21.1,32.1,24,75,1,90,1008.4
2021,8,15,3.5,30.2,25.2,80,2,70,1010.3
2021,8,16,0,32.8,26.5,71,2,200,1010.2
2021,8,17,1.8,33.4,25.9,72,2,250,1008.6
2021,8,18,3.5,33.5,24.5,74,3,200,1007.2
2021,8,19,0.5,32.1,25.4,74,2,250,1007.6
2021,8,20,-1,33.4,24.3,73,3,250,1008.2
2021,8,21,1,32.4,25.4,79,2,20,1008.3
2021,8,22,8.5,33,24.5,74,3,70,1007.6
2021,8,23,2.2,32,26,78,2,200,1008.1
2021,8,24,1.3,31,25,80,1,180,1008.5
2021,8,25,18.3,32,25.7,75,2,20,1008.3
2021,8,26,1.6,31.8,25.6,82,2,320,1009
2021,8,27,4.5,32.8,25,82,2,360,1008
2021,8,28,3.5,31.1,25.5,81,2,270,1006.7
2021,8,29,3,32.2,24.8,78,2,250,1007.7
2021,8,30,-1,31.9,25.8,77,2,20,1008
2021,8,31,-1,33,25,75,3,360,1008.8
2021,9,1,15,32.2,23.5,74,2,360,1008.3
2021,9,2,1.5,32.5,25,72,3,360,1007.5
2021,9,3,23,32.6,23.9,70,3,250,1007
2021,9,4,0.4,31.8,25.2,75,3,200,1008.5
2021,9,5,8.2,32.8,25.4,77,2,70,1007.8
2021,9,6,5.4,32.5,25.2,77,2,220,1007.2
2021,9,7,43.4,30.2,23.7,78,2,360,1006.1
2021,9,8,61.9,28.8,23.5,91,3,360,1003.6
2021,9,9,0,32.5,24.5,78,3,220,1005.7
2021,9,10,44,31.9,24.6,84,5,200,1005.4
2021,9,11,24.5,29.5,24.5,82,4,180,1006.1
2021,9,12,3,28.3,24.4,83,2,220,1006.7
2021,9,13,-1,32.5,25.8,77,2,90,1009.3
2021,9,14,-1,33.4,22,79,3,320,1010.3
2021,9,15,4,33.9,25.5,78,2,20,1009.3
2021,9,16,36.6,32,24.4,80,2,70,1007.8
2021,9,17,10.6,32.3,24.7,81,2,140,1007.1
2021,9,18,1.7,32.4,25.1,80,2,340,1007.8
2021,9,19,2.5,28.9,24.9,85,1,360,1009
2021,9,20,34.6,31,25,84,2,20,1007.8
2021,9,21,0,32.5,26.1,75,2,90,1006.8
2021,9,22,0,34.3,25.8,67,3,90,1008.6
2021,9,23,1.2,33.8,26,69,3,70,1009.4
2021,9,24,6,32.8,26,67,2,250,1008.3
2021,9,25,36,32.8,25,70,2,40,1007.2
2021,9,26,1.7,33.3,25.3,75,2,270,1006.2
2021,9,27,-1,31.5,26.4,80,2,140,1006.1
2021,9,28,0.3,33.2,24.3,75,2,200,1005.9
2021,9,29,25,32.2,25,83,3,220,1005.8
2021,9,30,39.4,31.1,25,83,2,200,1007.2
2021,10,1,0.9,32.5,26.5,77,3,220,1007.5
2021,10,2,-1,32.5,26,79,3,250,1007
2021,10,3,11,31.8,24.4,77,3,360,1007
2021,10,4,11.2,29,24.8,86,3,320,1005.4
2021,10,5,6.2,29,25,86,1,20,1004.4
2021,10,6,0.1,29.8,25,80,2,90,1005.5
2021,10,7,0,31.4,22.4,75,2,250,1004.9
2021,10,8,0,32.4,26,70,2,250,1006
2021,10,9,-1,31.4,26.5,77,4,220,1005.2
2021,10,10,2.2,32,26.5,75,3,220,1000.6
2021,10,11,4.8,32.2,26.5,86,6,220,996.1
2021,10,12,10,31,24.5,84,4,160,999.7
2021,10,13,2,32,25.8,78,2,270,1005.2
2021,10,14,2.2,29.4,25.2,82,2,220,1006
2021,10,15,7,32.7,25,86,2,200,1004.7
2021,10,16,-1,33.2,26,80,2,290,1007.6
2021,10,17,0,32.8,25.8,67,3,360,1009.3
2021,10,18,0,30,25.5,76,2,20,1011.1
2021,10,19,0,33.2,26,68,2,250,1011.5
2021,10,20,0,31.4,26.5,72,2,90,1011.3
2021,10,21,3.5,30,24.8,81,2,20,1010.6
2021,10,22,0,32.5,26,66,2,290,1009.9
2021,10,23,0.7,31.9,25,73,2,140,1009.6
2021,10,24,3.6,28.7,24.5,79,2,360,1009.3
2021,10,25,6.8,28.2,25,84,2,180,1009.1
2021,10,26,2.5,29.6,25.4,80,2,140,1009.9
2021,10,27,3,32.7,26,63,2,70,1010.1
2021,10,28,-1,31,25.9,66,2,20,1010.8
2021,10,29,0,33.9,25.5,55,2,70,1011.5
2021,10,30,0,31.8,25.5,69,2,20,1012.4
2021,10,31,0.5,33.8,24.5,59,2,90,1011.8
2021,11,1,-1,33,23.2,67,2,20,1011
2021,11,2,0,33.2,25.3,62,3,360,1010.4
2021,11,3,0,34.5,24.5,57,2,40,1009.7
2021,11,4,0,33.6,25.8,55,3,20,1009
2021,11,5,0,33.8,26.5,67,3,220,1007.1
2021,11,6,0,34,26.4,65,2,160,1006.5
2021,11,7,12.5,32.8,24.9,74,2,90,1007.6
2021,11,8,16.8,31.8,26,81,2,340,1008.5
2021,11,9,0,33.8,26.4,63,3,70,1009.4
2021,11,10,0,32,26,66,2,290,1009.4
2021,11,11,0,32.2,26.6,61,2,360,1008.9
2021,11,12,0,32,26,69,2,70,1010
2021,11,13,0,31.8,25.9,76,2,320,1009.5
2021,11,14,0,31.8,26.5,70,2,220,1009
2021,11,15,14,31.4,23.8,77,2,90,1008.4
2021,11,16,0.4,33,25.5,69,2,360,1008.5
2021,11,17,0,33.3,25.5,69,2,20,1008.4
2021,11,18,-1,31.5,26,77,2,340,1006.2
2021,11,19,0,31.8,26,72,2,110,1005.5
2021,11,20,2.9,30.2,24.9,75,2,140,1006.9
2021,11,21,0.8,32.1,23.7,80,2,270,1008.8
2021,11,22,-1,32.8,26,75,2,70,1008.9
2021,11,23,-1,32.5,26,63,3,70,1009.3
2021,11,24,-1,33.3,26,61,3,70,1009.1
2021,11,25,-1,31,26.1,70,2,40,1008.4
2021,11,26,-1,29.4,25,80,1,360,1007.4
2021,11,27,0.2,32.4,25.6,73,3,20,1008.5
2021,11,28,5,29,24.8,79,1,40,1008.9
2021,11,29,1.7,32,26.1,76,2,290,1007.5
2021,11,30,0,32.1,26.2,78,3,180,1006.7
2021,12,1,0,32.9,24.9,68,3,40,1007.5
2021,12,2,0,31.3,23.9,67,2,90,1009.7
2021,12,3,0,30.4,23.5,61,2,40,1011
2021,12,4,0,29.4,23,63,2,320,1011.4
2021,12,5,0,31.3,22.8,62,2,20,1010.2
2021,12,6,0,29.5,24,64,2,90,1009.5
2021,12,7,-1,29.4,24.5,68,2,70,1011.1
2021,12,8,0,31,24.8,56,3,20,1012.2
2021,12,9,0,31.8,24.8,57,2,70,1011.6
2021,12,10,0,32.2,21.5,60,2,40,1011.1
2021,12,11,0,29.4,25,69,2,70,1011.1
2021,12,12,0,29.8,25,75,2,220,1010.5
2021,12,13,0,31.8,24.5,64,2,20,1009.9
2021,12,14,0,31.1,23.8,59,2,40,1010.3
2021,12,15,0,30.3,22.7,68,3,20,1009.6
2021,12,16,-1,32.2,23,64,3,360,1007.9
2021,12,17,3,32,25,78,2,360,1005.5
2021,12,18,35.5,33.8,22.5,76,4,340,1009
2021,12,19,6.8,26.8,21,90,2,320,1011.3
2021,12,20,0,31,24.8,81,2,40,1011.8
2021,12,21,0,33.5,25.8,72,3,110,1011.2
2021,12,22,1.5,31.5,25,81,1,360,1010.7
2021,12,23,0,31,24.9,76,2,110,1010.1
2021,12,24,11.5,31.3,23.7,69,2,70,1010.9
2021,12,25,0.6,31.8,25,69,2,250,1011.6
2021,12,26,3,31.7,23.8,70,2,20,1012.6
2021,12,27,0,29.8,24.8,69,3,20,1013.8
2021,12,28,0,29.9,24.5,69,2,360,1014.2
2021,12,29,0,30.6,24,73,2,20,1013.6
2021,12,30,0,31.2,22.7,67,2,40,1014.6
2021,12,31,0,31,23.5,65,2,360,1014.6
2022,1,1,0,30.2,24,63,3,90,1014.4
2022,1,2,0,29.1,22.1,69,2,340,1012.8
2022,1,3,0,31.4,24,60,2,110,1012.7
2022,1,4,0,31.5,24,61,2,70,1012.7
2022,1,5,0,30.5,24.5,61,2,270,1011.6
2022,1,6,0,29.5,23.5,72,2,110,1012.3
2022,1,7,0,30,23.8,66,3,360,1012.4
2022,1,8,0,29.8,24.5,73,2,290,1011.3
2022,1,9,0,31.5,24.5,70,2,250,1010
2022,1,10,0,31.6,24,71,3,360,1010.4
2022,1,11,0,31.2,23.5,70,4,360,1011.3
2022,1,12,-1,29.7,24,70,3,70,1012.3
2022,1,13,0,29,23.2,65,2,70,1012.7
2022,1,14,0,28.2,23,67,2,20,1013
2022,1,15,0,29.2,22.5,62,2,90,1013.9
2022,1,16,0,31.4,21,62,3,110,1013.3
2022,1,17,0,29.8,21.5,63,2,110,1013
2022,1,18,0,29.5,22.5,64,2,110,1011.1
2022,1,19,-1,29.5,24.5,67,2,220,1009.1
2022,1,20,-1,28.8,24.5,77,2,180,1009.6
2022,1,21,8.2,28.9,24.3,76,2,160,1010.2
2022,1,22,0,32.3,24.5,70,2,290,1009.2
2022,1,23,0,32.2,24.5,73,2,340,1008.8
2022,1,24,3.4,30.8,24.5,75,2,270,1008.6
2022,1,25,0,31.5,25,65,3,20,1008.5
2022,1,26,25,29.6,24.8,83,1,220,1008.7
2022,1,27,0,33.6,25.5,73,3,110,1009.1
2022,1,28,0,32.5,25.5,67,3,140,1008.9
2022,1,29,0,33,25.5,73,3,220,1008.1
2022,1,30,-1,30.7,24.7,78,3,20,1009.1
2022,1,31,0,32,24.7,68,2,90,1010.7
2022,2,1,0,30.5,23.5,64,2,70,1011.7
2022,2,2,0,31.8,24.8,65,2,40,1011.6
2022,2,3,0,29,24.7,77,2,250,1011
2022,2,4,0,31.5,24.9,66,3,90,1011.4
2022,2,5,0,31.5,24.4,63,3,70,1012.2
2022,2,6,0,31.3,24.8,63,3,90,1012.1
2022,2,7,-1,30.5,24.5,73,2,220,1011.2
2022,2,8,-1,30.7,24.9,66,2,270,1011.4
2022,2,9,0,32.9,25,63,3,70,1011.3
2022,2,10,0,32.5,25,63,2,70,1010
2022,2,11,0,31.5,24.5,64,2,40,1009.7
2022,2,12,0,31.5,25,65,3,110,1008.5
2022,2,13,-1,31.2,25.7,67,3,110,1008.3
2022,2,14,0,30.5,25.5,74,2,20,1009.2
2022,2,15,0,31.5,25,73,3,160,1008.7
2022,2,16,0,31.2,25,67,3,110,1008.1
2022,2,17,3,29.2,24.9,74,2,220,1008.6
2022,2,18,0,31.3,24.9,67,2,90,1009.2
2022,2,19,0,32,25.5,65,3,90,1008.9
2022,2,20,0,32.3,25.5,61,2,70,1009.7
2022,2,21,0,30.8,25.2,66,3,90,1010.9
2022,2,22,15.1,29.5,24.5,87,2,340,1012.3
2022,2,23,0,31.1,22.8,67,2,20,1012
2022,2,24,0,32.3,24.9,62,2,360,1012.6
2022,2,25,0,33,24,57,3,70,1013.3
2022,2,26,0,31.7,24.5,70,3,40,1012.9
2022,2,27,0,31.6,24.6,63,3,40,1011.6
2022,2,28,0,33.5,25.2,54,3,40,1011.9
2022,3,1,0,32.7,24.2,54,2,360,1011.8
2022,3,2,0,32.7,25.9,65,2,90,1010.9
2022,3,3,0,32.4,25,61,3,90,1010.4
2022,3,4,0,32.1,24,67,3,290,1009.2
2022,3,5,0,32.7,25.5,62,3,140,1008.8
2022,3,6,0,32.8,25,58,3,140,1009
2022,3,7,0,31.4,25.5,62,3,360,1008.5
2022,3,8,0,32,25.3,64,3,250,1007.6
2022,3,9,0,31.8,25,63,3,110,1008.7
2022,3,10,0,32.1,25.7,62,3,40,1007.9
2022,3,11,0,32.5,25.5,69,2,140,1006.7
2022,3,12,38.5,33,24,75,2,20,1006.7
2022,3,13,0,31.2,25.3,72,2,20,1007.3
2022,3,14,2.3,32.8,24,78,2,340,1007.7
2022,3,15,0,33.3,26,71,3,140,1005.9
2022,3,16,0,33,26.5,66,2,70,1006.6
2022,3,17,0,33.6,25.8,65,3,140,1006.6
2022,3,18,-1,33.4,26.4,68,3,250,1006
2022,3,19,0,34,26.5,69,2,250,1006.7
2022,3,20,0,34.3,26.5,60,2,90,1009
2022,3,21,-1,34.6,27,55,3,90,1010.4
2022,3,22,0,34.6,26.6,59,3,140,1009.9
2022,3,23,22,34.8,24.7,66,3,140,1009.3
2022,3,24,0,35,26.5,59,3,40,1009.2
2022,3,25,0,34.8,26.5,60,2,110,1010.2
2022,3,26,0,35,26.5,63,2,160,1010
2022,3,27,0,34.5,26.5,57,3,90,1009.5
2022,3,28,0,34.8,27,57,2,110,1009.4
2022,3,29,0,34.4,26.8,57,4,70,1009.7
2022,3,30,0,35.3,26.9,56,3,110,1009.9
2022,3,31,0,34,27.1,59,3,90,1009.9
2022,4,1,4.3,32,26,70,3,70,1010.4
2022,4,2,0,33,24.9,56,2,70,1009.8
2022,4,3,0,32.8,25.5,56,3,70,1010
2022,4,4,18.7,34,24.2,58,3,360,1011.1
2022,4,5,32.6,27.2,23.7,93,1,70,1010.7
2022,4,6,-1,30.6,25.1,74,2,340,1008.7
2022,4,7,0,32.9,25.5,67,3,20,1007.2
2022,4,8,7,30.8,25.3,75,2,360,1006.4
2022,4,9,0.5,32.8,25.4,66,2,250,1006
2022,4,10,0.1,30.5,25.5,68,2,320,1006.5
2022,4,11,0,33.5,25.8,65,3,340,1005.4
2022,4,12,1.1,31.1,25,77,3,200,1005.1
2022,4,13,0,31.3,25.9,75,3,220,1004.6
2022,4,14,0,32.1,26.2,70,3,20,1005.5
2022,4,15,0,32.8,26.7,69,3,160,1006.6
2022,4,16,0,32.8,26.4,64,2,320,1007.2
2022,4,17,4.5,30.3,25.8,66,2,40,1009.2
2022,4,18,0,34.2,25.5,55,3,110,1009.6
2022,4,19,0,33.3,26.4,57,2,90,1009.6
2022,4,20,0,32.1,26.7,64,2,90,1009.4
2022,4,21,0,34.2,26.7,64,2,90,1009.5
2022,4,22,-1,32.8,26,65,2,320,1009.4
2022,4,23,0,34,26.7,53,2,90,1008.4
2022,4,24,0,33.9,27,57,3,110,1007
2022,4,25,0,34.1,27,63,3,110,1007.4
2022,4,26,4.8,33.4,26.3,64,3,90,1007.4
2022,4,27,4,33.4,25.5,61,3,90,1007.5
2022,4,28,0,35.9,27.3,57,3,90,1008.1
2022,4,29,-1,34.8,26.3,62,2,140,1008.3
2022,4,30,0,34.2,26.3,66,3,140,1008
2022,5,1,0,35.2,26.8,58,3,110,1006.8
2022,5,2,0,35.3,25.8,51,3,140,1007.1
2022,5,3,0,34.5,26.5,56,3,140,1007.8
2022,5,4,0,35.2,25.2,55,3,140,1007.6
2022,5,5,0,35,26.4,57,3,140,1007.8
2022,5,6,0,34.8,27.8,56,3,90,1007.5
2022,5,7,0,34.7,27.5,55,3,90,1007.8
2022,5,8,0,36.7,26.8,55,3,70,1007.6
2022,5,9,0,34.1,26.8,55,3,90,1007.9
2022,5,10,0.4,34.7,27,60,3,140,1007.5
2022,5,11,0,35.3,27.3,56,2,140,1007.3
2022,5,12,0,35.1,27.2,56,3,140,1006.6
2022,5,13,0,35.2,27.6,63,3,200,1007.2
2022,5,14,0,34.3,27.8,73,3,70,1008.7
2022,5,15,29,33,25.3,77,1,70,1008.4
2022,5,16,34,31.5,25.6,80,2,220,1007.9
2022,5,17,10.5,32,25,80,2,70,1008.6
2022,5,18,4.7,32.8,25,88,2,200,1009.6
2022,5,19,3.6,33.4,24.6,78,3,160,1009.3
2022,5,20,9.1,33.3,24,77,2,200,1007.9
2022,5,21,0,31.8,25.6,73,2,90,1006.7
2022,5,22,3.5,34.7,25.5,72,3,70,1005.6
2022,5,23,3.1,34,26.2,73,3,140,1007.6
2022,5,24,0,35,27.3,69,2,200,1009
2022,5,25,0,33.8,26.8,75,2,180,1007.8
2022,5,26,1.6,33.3,25.5,72,3,220,1006.5
2022,5,27,4.8,36,25.5,65,2,160,1006.1
2022,5,28,3.6,30,25.9,78,2,220,1007.3
2022,5,29,0,32.2,27,73,3,200,1007.5
2022,5,30,4.3,33.5,25.5,75,2,180,1006.8
2022,5,31,8.5,31.5,26.5,75,2,90,1007.3
2022,6,1,4.5,30.2,25.4,86,2,70,1007.6
2022,6,2,0.2,33.2,26.7,75,3,250,1007.8
2022,6,3,0,33.1,27,73,3,200,1008.1
2022,6,4,0,33,27,68,3,70,1007.9
2022,6,5,0,34,27.5,72,3,220,1006.9
2022,6,6,0,33.5,27.5,69,4,220,1005.8
2022,6,7,4.5,33.3,24.5,73,4,220,1006.7
2022,6,8,0,32.2,26.9,73,2,320,1007.4
2022,6,9,0,34.1,26.5,67,3,110,1007.1
2022,6,10,0,33.9,27,68,3,250,1007
2022,6,11,19,35.3,26,69,3,270,1007.9
2022,6,12,9.8,32.2,26.5,76,2,220,1007.7
2022,6,13,1.5,34,25.5,73,3,220,1007.7
2022,6,14,9.9,34.8,25.5,75,2,220,1008.4
2022,6,15,10.5,32.8,25.5,74,2,20,1009
2022,6,16,0,33.9,26.8,67,2,110,1008.6
2022,6,17,0,35.4,27.6,62,2,140,1007.4
2022,6,18,0,34.5,26.5,67,2,90,1007.8
2022,6,19,14,35,24.9,72,3,90,1006.8
2022,6,20,-1,33.5,26,70,2,290,1005.6
2022,6,21,-1,33.2,26.5,72,2,110,1006.8
2022,6,22,21.7,34.8,21.5,73,2,360,1009
2022,6,23,1.6,31.9,25.8,73,2,90,1008.4
2022,6,24,0,32,26.5,75,2,180,1007.4
2022,6,25,0,32,26,73,2,320,1007.2
2022,6,26,0.6,33.1,25.3,78,3,70,1007
2022,6,27,-1,31.8,25.9,77,2,90,1005.6
2022,6,28,38,33,24,75,2,160,1003.3
2022,6,29,6.3,31.7,25.8,70,3,160,1002.8
2022,6,30,-1,33,25.5,74,4,220,1003.6
2022,7,1,5.5,31.7,25,77,4,200,1006.2
2022,7,2,2,32.5,26.5,71,2,140,1006.5
2022,7,3,0,33.8,26.9,67,2,250,1006.3
2022,7,4,5.4,33.5,25.5,74,3,70,1006.2
2022,7,5,1,32,23.6,73,2,220,1007
2022,7,6,4.5,33.3,25.5,75,2,20,1007
2022,7,7,7.5,31,25.5,83,2,40,1006.3
2022,7,8,6.4,32.6,26,75,2,40,1004.3
2022,7,9,-1,34,26.5,69,3,140,1004.1
2022,7,10,4.5,33.3,26,76,2,360,1005.1
2022,7,11,19,35.5,26.5,76,2,40,1006.1
2022,7,12,0.5,31.5,26.5,82,3,40,1005.5
2022,7,13,0.7,31.2,24.9,77,3,360,1005.6
2022,7,14,-1,32.6,26.9,77,3,220,1006.6
2022,7,15,3.4,32.6,25.4,76,3,220,1007
2022,7,16,58,33.6,23,80,3,360,1007.6
2022,7,17,14.5,31.6,24,81,3,20,1007.1
2022,7,18,10.7,31.6,25,81,2,40,1006.2
2022,7,19,-1,33,27.5,68,2,140,1006.8
2022,7,20,4.3,33.5,25,70,2,90,1008.5
2022,7,21,2.2,30.2,25,80,2,70,1009.4
2022,7,22,0,32.7,26,72,2,360,1008.4
2022,7,23,-1,33.1,24.3,70,2,40,1006.7
2022,7,24,0,34.8,27,71,3,200,1005.6
2022,7,25,0.5,32.9,25.5,74,2,360,1006.3
2022,7,26,11,32.8,25.3,74,2,40,1006.2
2022,7,27,0,32.8,27,76,3,220,1005.9
2022,7,28,20.8,32.8,25.5,76,3,220,1004.9
2022,7,29,1,30.5,26,82,4,200,1004.5
2022,7,30,39.8,30.5,25.8,87,2,360,1005.2
2022,7,31,0,31.5,26,79,2,200,1006.2
2022,8,1,15.5,32.5,24.5,75,2,70,1007.4
2022,8,2,0,31.8,26.1,75,2,200,1008.2
2022,8,3,0,33.4,26,70,2,220,1007.2
2022,8,4,66.1,31.5,24.5,82,2,360,1007
2022,8,5,101.5,28.5,24,88,2,40,1005.9
2022,8,6,0.3,31,25,79,3,200,1005.6
2022,8,7,41.7,31,24.3,82,3,40,1006.2
2022,8,8,53.5,29,24,85,2,290,1006.7
2022,8,9,0,30.8,25.5,71,2,250,1006.6
2022,8,10,0,33,26.3,71,2,220,1007.2
2022,8,11,13,33.5,25,76,2,40,1008.2
2022,8,12,4.6,33.1,25.2,73,3,200,1007.6
2022,8,13,41.5,32.5,24,78,2,220,1006.6
2022,8,14,4.6,31.5,25.8,79,2,40,1005.1
2022,8,15,24.5,30.5,24.8,85,3,70,1006.3
2022,8,16,0,31.8,26.3,74,3,220,1007
2022,8,17,2.1,31.2,25.5,77,3,200,1008
2022,8,18,3,30.5,25.5,81,3,220,1007.4
2022,8,19,0,35,25.5,68,2,200,1007.1
2022,8,20,-1,30.8,25,78,2,20,1007.7
2022,8,21,0,31.8,27,76,3,360,1005.7
2022,8,22,4.5,30.9,24,76,6,360,1003.5
2022,8,23,24,28.5,23.8,85,6,20,1004.4
2022,8,24,0.2,29.4,25.1,81,2,40,1007.4
2022,8,25,-1,35.4,26,68,2,40,1008.4
2022,8,26,9,33.3,25.8,73,2,20,1008.1
2022,8,27,0.7,31.4,25.5,76,2,40,1006.3
2022,8,28,9.9,32.4,24.8,79,2,360,1006.7
2022,8,29,26.4,32.5,25.3,81,2,20,1008.1
2022,8,30,8,31.3,25.8,81,2,360,1005.8
2022,8,31,1,30.2,26,79,2,360,1004.9
2022,9,1,0,31.2,24.4,75,5,20,1005.7
2022,9,2,13.3,30.8,24,86,4,360,1004.9
2022,9,3,70.5,29,23.8,89,3,360,1005.4
2022,9,4,1,31.5,25.8,81,4,20,1006.3
2022,9,5,0,32.3,26.2,76,3,20,1007.2
2022,9,6,10.8,33.2,25.3,77,2,20,1008.9
2022,9,7,0,34.8,26.5,70,2,340,1009.6
2022,9,8,60.9,34,25.9,72,2,40,1009
2022,9,9,1.8,32.7,25.1,81,3,250,1007.9
2022,9,10,8.5,32.3,25.3,84,2,40,1008.1
2022,9,11,0,31.4,26.2,78,3,360,1007.7
2022,9,12,0,31.5,26.8,76,4,220,1006.7
2022,9,13,0.8,32.5,26.5,79,3,220,1007.3
2022,9,14,4,31.3,25.5,82,3,220,1007.2
2022,9,15,0,31.6,25.5,79,4,200,1005.7
2022,9,16,23.9,30.9,25,80,4,200,1005.7
2022,9,17,0.5,31.3,25.5,77,4,220,1006.4
2022,9,18,8.5,32.5,25,80,4,200,1006.9
2022,9,19,45.5,28,24,88,3,20,1006.8
2022,9,20,1.5,28,24.4,86,3,200,1007.3
2022,9,21,1.4,31.8,24.7,78,3,20,1008.1
2022,9,22,15.5,30,24.5,81,3,200,1007.6
2022,9,23,0.4,31.5,25,83,2,200,1008.4
2022,9,24,2,32.2,26.3,76,3,360,1004
2022,9,25,67,29,24,88,6,360,1000.9
2022,9,26,23.8,32.6,24.5,84,3,40,1003.7
2022,9,27,37.5,33.4,25,75,2,40,1004.8
2022,9,28,12.9,32.8,24.5,81,2,70,1006.4
2022,9,29,0.5,29.4,25.4,85,2,20,1008.3
2022,9,30,-1,32.2,25.5,77,1,40,1009.4
2022,10,1,-1,34.1,25.9,67,2,40,1009.3
2022,10,2,-1,32,26,73,2,20,1008.1
2022,10,3,4.3,31.5,25.5,80,2,40,1008.8
2022,10,4,0.6,33.2,26,73,2,40,1009.3
2022,10,5,7,32.4,26,72,1,20,1009.3
2022,10,6,0,34.6,26.2,62,2,70,1010.4
2022,10,7,-1,32.3,26.5,71,2,360,1009.4
2022,10,8,0.5,32.5,26,68,2,360,1008.9
2022,10,9,2,34.2,26,69,2,360,1008.9
2022,10,10,0,34.2,26.7,64,2,360,1007.2
2022,10,11,0,32.8,25.7,71,3,20,1006.3
2022,10,12,0,32.4,27,70,2,20,1005.5
2022,10,13,26,32.5,25.3,80,2,40,1005.4
2022,10,14,0,32.3,27,74,3,340,1004.8
2022,10,15,0,33,27,70,4,360,1002.8
2022,10,16,0,30.6,26,77,4,200,1004.3
2022,10,17,-1,32.2,26.4,79,2,40,1005
2022,10,18,43.9,32.2,24,75,3,40,1006.3
2022,10,19,5.8,29.6,24.9,88,2,40,1008.4
2022,10,20,0.5,31.2,25.4,84,2,360,1009.7
2022,10,21,0,32.6,26.7,79,2,360,1010.5
2022,10,22,-1,33.5,26.2,73,2,360,1009.6
2022,10,23,26.5,33,25.3,75,1,360,1008.3
2022,10,24,0,32.5,26.5,65,1,360,1007.9
2022,10,25,69,31.2,23.5,82,1,360,1009.1
2022,10,26,0,32,24,66,2,360,1007.8
2022,10,27,0,33.5,25.7,64,3,360,1005.2
2022,10,28,24,30.5,24,77,3,360,1001.4
2022,10,29,156,27.9,22,90,7,340,992.1
2022,10,30,3.2,31.2,25.5,78,5,40,998.4
2022,10,31,1.3,30.6,25.8,82,4,40,1002.1
2022,11,1,3.2,29.6,25.1,80,2,70,1006.4
2022,11,2,-1,32,25.5,76,2,70,1008.8
2022,11,3,-1,32.3,24.5,86,3,360,1010.6
2022,11,4,9.5,31.5,24.5,79,2,360,1011.4
2022,11,5,31.3,31.9,24.8,75,2,360,1010.2
2022,11,6,0,31.3,25.5,73,1,70,1010
2022,11,7,2.6,31.4,26,74,2,90,1009.3
2022,11,8,0,30.5,24.5,74,1,360,1010
2022,11,9,0,32,26,70,2,20,1010
2022,11,10,13.1,33.1,24.8,78,2,250,1009.8
2022,11,11,0,32.5,25.7,76,1,270,1009.4
2022,11,12,-1,30.6,25.7,78,2,70,1009.3
2022,11,13,-1,31.6,25.5,72,1,360,1009.3
2022,11,14,0,35.2,26,64,2,90,1008.4
2022,11,15,-1,31.6,25.7,73,2,70,1008.4
2022,11,16,6,34.5,25,67,3,40,1008.4
2022,11,17,10,32,24,72,2,180,1008.2
2022,11,18,1.5,31,25,79,1,360,1008.7
2022,11,19,16,29,24,87,2,20,1007.9
2022,11,20,9,32.3,25,74,2,40,1007.4
2022,11,21,0.5,29.5,25.5,80,2,360,1008.4
2022,11,22,0.1,32.2,26,73,2,70,1009.3
2022,11,23,0,31.5,26,71,2,360,1009.7
2022,11,24,0.5,33.7,26,65,2,360,1010.5
2022,11,25,-1,31.8,25,70,2,20,1012.8
2022,11,26,0,31.7,24.6,67,1,360,1010.2
2022,11,27,0,32.8,25.5,65,2,40,1009.7
2022,11,28,-1,32,25.8,67,3,360,1010
2022,11,29,0,32.8,25.8,69,2,40,1009.7
2022,11,30,2.7,32.3,24,71,2,20,1009.1
2022,12,1,2.5,32.3,25.5,74,2,20,1008.5
2022,12,2,0.2,32.7,26,66,2,20,1008.4
2022,12,3,0,33.3,25.6,66,3,360,1008.3
2022,12,4,0,32.2,25.5,71,2,20,1009.7
2022,12,5,0,31.2,25.3,71,1,40,1008.9
2022,12,6,4.5,32,25.5,70,2,40,1008.4
2022,12,7,0,31.8,25.5,65,2,360,1008
2022,12,8,-1,32,26,66,2,360,1006.7
2022,12,9,0.2,28.5,25.3,78,1,360,1005.2
2022,12,10,-1,30.6,25.4,80,2,20,1004.8
2022,12,11,1,29.6,24.9,77,2,20,1005.9
2022,12,12,0,31.5,25.5,72,2,20,1006.9
2022,12,13,0.5,32,26,73,2,40,1006.3
2022,12,14,0.5,30.2,25.3,78,2,360,1008.8
2022,12,15,1.5,33.4,25,71,2,360,1007.9
2022,12,16,0.5,33.5,24.5,67,3,20,1008.1
2022,12,17,15,31.3,25,77,2,20,1009.1
2022,12,18,0,30.1,24.8,66,3,20,1008.2
2022,12,19,0,30,25.5,63,3,20,1007.8
2022,12,20,3.2,29.4,24.3,74,2,360,1006.7
2022,12,21,-1,30.2,24,75,3,360,1004.6
2022,12,22,0,30.2,24.5,66,2,20,1005.1
2022,12,23,0,30,24.3,62,3,20,1007.2
2022,12,24,0,30.1,23.2,58,2,20,1009.4
2022,12,25,0,28.1,23,59,3,40,1010.9
2022,12,26,0,28.4,23.3,64,2,360,1012.2
2022,12,27,0,27.5,23,67,1,20,1012.4
2022,12,28,-1,29.9,23.5,65,2,360,1011.9
2022,12,29,2,30.3,24,68,3,360,1010.9
2022,12,30,-1,31.3,24,73,3,40,1011
2022,12,31,0,28.6,25,73,2,40,1011.4
2023,1,1,1.3,29.8,25,81,2,360,1012
2023,1,2,19.2,32,23.7,74,2,40,1011.1
2023,1,3,4,29.5,24,82,2,20,1010.6
2023,1,4,20,30,23.5,77,3,20,1010.7
2023,1,5,18,25.7,23,92,2,340,1011.6
2023,1,6,32.2,29.5,24,90,2,360,1011.9
2023,1,7,0,30.5,23.5,62,3,40,1012.2
2023,1,8,0,28.2,23,64,2,40,1013.6
2023,1,9,0,30.4,22.4,68,1,20,1012
2023,1,10,0,29,24,69,1,20,1010.9
2023,1,11,0,29.8,24,66,2,40,1010.5
2023,1,12,0,32.2,24,60,3,40,1010.3
2023,1,13,-1,30.5,23.5,68,2,20,1009
2023,1,14,0.4,28.9,23.3,71,2,20,1007.6
2023,1,15,29.2,30.1,23.4,83,1,20,1006.6
2023,1,16,0,30.1,25,72,2,40,1009.1
2023,1,17,0,31,25,68,2,40,1010.9
2023,1,18,0.5,29.2,25,71,2,360,1011.8
2023,1,19,0,30,24.6,63,2,20,1011.4
2023,1,20,0,30.6,24.5,65,2,40,1010.6
2023,1,21,-1,30.4,24.2,67,2,360,1010.9
2023,1,22,0,31.5,24.5,69,2,40,1009.8
2023,1,23,0,33,24.5,59,1,40,1009
2023,1,24,0,31.7,24.6,58,3,40,1009.8
2023,1,25,0,30.5,22.5,57,3,40,1010
2023,1,26,0,30.2,24,65,2,20,1010
2023,1,27,-1,29.4,24,66,3,20,1008.8
2023,1,28,0,29.2,23.3,64,2,40,1009.5
2023,1,29,0,29.7,23.8,60,1,20,1011.2
2023,1,30,0,30.4,24.5,63,1,360,1011.1
2023,1,31,0,30.4,23.5,64,2,40,1011
2023,2,1,0,30.6,25.2,66,2,360,1010.7
2023,2,2,0,32.3,25.2,70,1,20,1010.9
2023,2,3,0,32.3,25,58,2,40,1011
2023,2,4,0,30.6,23.5,62,1,360,1010.2
2023,2,5,-1,30.7,24.5,64,2,70,1010.1
2023,2,6,0,30.2,24.8,74,1,20,1009.5
2023,2,7,6,30.5,24.2,73,1,360,1010.4
2023,2,8,2.2,30.5,24,69,1,360,1011
2023,2,9,0,31,23.5,59,2,40,1011
2023,2,10,0,32.8,24,63,2,40,1010.9
2023,2,11,0,31.5,24.5,62,2,40,1011
2023,2,12,0,33.2,24.5,58,2,40,1010.8
2023,2,13,0,31.1,24.3,62,1,360,1010.4
2023,2,14,0,31,23.9,64,2,360,1009.7
2023,2,15,0,31.9,24.8,53,2,40,1011.2
2023,2,16,0,30,23.9,60,3,360,1012.9
2023,2,17,0,30.7,23.2,59,4,360,1011.6
2023,2,18,-1,31.1,23,59,4,360,1010.2
2023,2,19,1,26.5,23.5,84,1,360,1006.6
2023,2,20,13,29.4,22.7,81,2,40,1007.8
2023,2,21,0,28,23.2,76,1,20,1009.8
2023,2,22,0,30.7,24,64,3,40,1009.6
2023,2,23,0,30.2,24,75,3,20,1008.5
2023,2,24,0,31.5,25,72,2,20,1009.6
2023,2,25,0.4,32.2,25.8,70,3,360,1012.3
2023,2,26,0,32.3,25.2,61,3,20,1013.9
2023,2,27,0,32.2,23.8,55,3,40,1013.7
2023,2,28,0,31.7,23.2,56,3,40,1013.9
2023,3,1,0,29.8,25,71,2,360,1012.9
2023,3,2,-1,31,24,63,3,40,1014.6
2023,3,3,0,31.7,22.5,56,2,40,1015.1
2023,3,4,0,30.7,23.5,60,2,360,1015.1
2023,3,5,0,31.2,23,56,2,20,1014.2
2023,3,6,0,30.7,22,55,2,360,1014
2023,3,7,0,31.5,23,59,2,360,1013.9
2023,3,8,0,31.7,23.5,63,2,20,1013
2023,3,9,-1,31.5,24,60,1,40,1011.4
2023,3,10,0.4,30.1,23,65,2,40,1011.4
2023,3,11,0,29.8,23.1,60,2,20,1012
2023,3,12,0,31,24,59,2,360,1010.9
2023,3,13,3,28.8,24,72,2,40,1010.2
2023,3,14,0,32,23.7,59,2,360,1009.8
2023,3,15,0,31.6,24.5,62,2,360,1011.5
2023,3,16,0,32.1,25,55,2,40,1011.9
2023,3,17,0,31.5,24.5,63,2,40,1011
2023,3,18,0,32,25.2,69,2,40,1010.5
2023,3,19,0,32.5,24.5,58,2,40,1010
2023,3,20,0,31.9,24.5,60,2,360,1008.8
2023,3,21,0,32.5,24,60,2,40,1008.8
2023,3,22,0,33.5,25.8,56,3,40,1008.1
2023,3,23,0,34.5,25.5,58,2,40,1008.7
2023,3,24,0,34.7,27,64,3,40,1009.7
2023,3,25,0,35.2,26.5,59,2,40,1008.9
2023,3,26,0,33.3,26,62,2,70,1008.6
2023,3,27,0,34.2,25.8,58,3,40,1009.3
2023,3,28,0,34.3,25.7,56,3,70,1009.9
2023,3,29,0,33,25.5,57,2,360,1009.3
2023,3,30,0,33.4,26.8,59,2,40,1008.1
2023,3,31,1.7,32.7,26,68,2,40,1008.4
2023,4,1,0,33.7,26.5,58,2,40,1008.1
2023,4,2,0,33.3,27.2,64,2,360,1007.7
2023,4,3,2.5,33.5,24,64,2,40,1008
2023,4,4,0,31,25,67,2,40,1008.9
2023,4,5,0,31.8,25.6,58,2,40,1009.4
2023,4,6,0,32.8,26,59,3,40,1009
2023,4,7,0,33,26,68,3,360,1010
2023,4,8,0,33.5,26.5,62,1,360,1010.7
2023,4,9,-1,33.4,26.9,64,2,40,1010.3
2023,4,10,0,32.2,26,62,3,40,1008.9
2023,4,11,0,31.4,26.3,67,2,40,1008.2
2023,4,12,2.5,29.5,24.2,77,1,360,1006.6
2023,4,13,59.5,28.2,22.8,88,4,20,1007
2023,4,14,3.2,32.1,25.3,81,2,40,1007.7
2023,4,15,0,32.5,26,79,3,40,1007.1
2023,4,16,0,32.4,26.5,74,3,40,1007.3
2023,4,17,0,33,26.5,66,2,40,1010.1
2023,4,18,0,35,27,64,2,40,1009.5
2023,4,19,0,35.2,27,64,3,40,1006.2
2023,4,20,0,35.4,27.3,63,3,40,1005.4
2023,4,21,0,34.5,28,71,3,40,1006.8
2023,4,22,0,35.3,27.5,61,2,40,1007.8
2023,4,23,0,34.8,28,61,3,360,1008.5
2023,4,24,0,32.8,27,64,2,40,1007.5
2023,4,25,0,33,27,61,3,70,1007
2023,4,26,0,33.8,27,61,2,360,1007.9
2023,4,27,0,34.8,26.5,55,2,40,1009
2023,4,28,0,34.6,26.5,55,3,360,1008.6
2023,4,29,-1,34.6,27.3,60,2,40,1007.4
2023,4,30,0,35.3,26,62,3,360,1007.2
2023,5,1,24.6,35.2,27.2,61,2,40,1008.3
2023,5,2,0,36.5,27,55,3,40,1009.2
2023,5,3,0,36.3,27.5,56,3,40,1008.9
2023,5,4,0,34.7,25.8,63,3,40,1006.2
2023,5,5,0,35.6,27.5,57,3,40,1004.6
2023,5,6,0,35.8,27.5,59,3,40,1004.7
2023,5,7,0,36.2,28,65,4,40,1005.6
2023,5,8,18.5,37,24,76,3,40,1006.6
2023,5,9,29.4,35,24,69,2,360,1006.9
2023,5,10,3.8,33.6,26.2,73,2,40,1008.5
2023,5,11,0,32.5,27,71,3,40,1009.6
2023,5,12,0,34.2,27,66,3,70,1009.9
2023,5,13,0,34.6,27.5,66,3,40,1009
2023,5,14,0,33.1,26.4,69,3,20,1007.8
2023,5,15,15,33,26,74,3,20,1008.1
2023,5,16,0.5,32,26.3,82,3,20,1008.5
2023,5,17,-1,33.2,28,77,3,40,1008.8
2023,5,18,0,33.5,27,74,4,20,1008.5
2023,5,19,5.4,32.4,26.2,73,3,20,1009.3
2023,5,20,1.7,31.2,26.6,77,2,40,1009.5
2023,5,21,4,33.9,26.5,73,3,70,1009.5
2023,5,22,0,33,27,77,4,20,1008.8
2023,5,23,0,33.7,27,70,3,360,1008.2
2023,5,24,2.6,33.5,24.7,79,3,40,1009.2
2023,5,25,5.7,33.8,25.2,75,2,20,1009.1
2023,5,26,28.5,32.9,25.2,82,3,20,1008.3
2023,5,27,12.5,33.6,25,74,4,360,1006.1
2023,5,28,2,33.3,27,69,5,360,1002.9
2023,5,29,0,35.1,24.9,70,7,360,1002.4
2023,5,30,0,34,27,71,6,360,1002.3
2023,5,31,-1,32.5,26.5,76,6,360,1002.3
2023,6,1,0.9,31.7,25.6,78,5,20,1004.6
2023,6,2,8,31.6,25.2,83,3,40,1007.3
2023,6,3,0,31.5,26.8,74,3,20,1008.2
2023,6,4,0.5,32.7,26.5,73,2,40,1006.9
2023,6,5,28,34,26,76,2,70,1006.6
2023,6,6,65.5,32.8,23.5,80,2,70,1007.7
2023,6,7,19.8,34.2,24.7,76,3,70,1008.5
2023,6,8,35.8,32.5,25.1,75,3,360,1006.7
2023,6,9,0.1,32.1,26.2,80,4,20,1004.7
2023,6,10,53.5,30.5,24.9,88,4,40,1004.3
2023,6,11,87.2,30.3,23.5,89,5,20,1005.7
2023,6,12,1,31.2,24.9,82,4,40,1006.7
2023,6,13,1,32.5,26.8,78,3,30,1007.1
2023,6,14,47,32.2,24.9,78,4,30,1007.8
2023,6,15,3.4,32.9,25.8,80,2,40,1007.6
2023,6,16,0,31.2,25.5,76,2,360,1008.3
2023,6,17,0,36.3,27,59,3,40,1009.1
2023,6,18,0,35,27,68,3,40,1008.4
2023,6,19,57.5,33.9,24.5,74,3,360,1007.7
2023,6,20,8,33,26.5,73,3,20,1007.7
2023,6,21,0,34.4,27.5,72,2,70,1007.7
2023,6,22,27.5,36.5,25.5,69,3,360,1007.6
2023,6,23,37.5,33.3,24.5,73,3,360,1007
2023,6,24,0.5,31.7,25.7,75,2,360,1006.3
2023,6,25,-1,32,26,69,2,360,1006.6
2023,6,26,-1,32.7,26,74,4,40,1006.8
2023,6,27,3,32.6,25.3,78,3,360,1007.8
2023,6,28,8.3,32.8,25.8,78,2,70,1008
2023,6,29,-1,32,26.3,77,3,40,1008.2
2023,6,30,0,32,26.5,76,3,20,1007.8
2023,7,1,0.5,36,26.8,68,3,40,1008.8
2023,7,2,2.7,32.7,26,77,2,70,1009.9
2023,7,3,0,35,27.5,68,2,40,1009.3
2023,7,4,0,34,28,63,2,360,1008.6
2023,7,5,0,37,28,61,2,40,1007.9
2023,7,6,0,35.3,28,60,3,40,1008.8
2023,7,7,2.6,34,28.2,71,2,40,1009.6
2023,7,8,2,35,27,68,3,20,1009.3
2023,7,9,44.6,34.5,23.5,74,2,360,1008.2
2023,7,10,0,33.6,27.3,68,1,360,1006.8
2023,7,11,0,34.5,27.5,68,3,360,1005.8
2023,7,12,35,32.8,25,78,2,20,1004.7
2023,7,13,36.2,28.3,23.7,94,5,70,1003.2
2023,7,14,52.9,30,24.5,85,5,40,1002.2
2023,7,15,64.6,30,23.5,84,4,40,1001.8
2023,7,16,22,29.7,24.5,86,3,40,1003.1
2023,7,17,1.2,32.7,24.8,72,3,20,1005.7
2023,7,18,-1,32.6,26.6,73,2,40,1007.5
2023,7,19,-1,32.3,26,74,2,40,1006.5
2023,7,20,5,33,26.5,78,2,40,1006.3
2023,7,21,1.3,34.8,23.5,73,3,40,1008.2
2023,7,22,19.2,30.6,25.4,85,3,360,1008.9
2023,7,23,1,32.3,26,75,4,360,1006.2
2023,7,24,13.5,32,26,82,4,360,1002.7
2023,7,25,18.5,32.4,24.8,78,7,360,999.7
2023,7,26,62.7,30,24.9,81,6,20,1001.8
2023,7,27,45,30.5,24.5,87,6,40,1004.1
2023,7,28,66,30,24,91,4,360,1005.3
2023,7,29,128.2,30.4,23,86,5,20,1006.5
2023,7,30,28.4,28.5,24.6,90,2,360,1006.9
2023,7,31,33.5,30.4,23.7,90,3,40,1006.5
2023,8,1,33,30,25,90,3,40,1005.3
2023,8,2,75,28.5,24.6,92,5,20,1006.5
2023,8,3,4,31,25.6,84,3,40,1008.6
2023,8,4,0,31.5,26.5,83,5,20,1010.7
2023,8,5,0,31.5,27,78,6,20,1008.8
2023,8,6,0,31.2,27,79,6,360,1006.6
2023,8,7,25,31.8,26,80,6,20,1005.7
2023,8,8,-1,31.8,27.5,78,5,20,1007.1
2023,8,9,0,33.3,28,74,4,360,1007.6
2023,8,10,-1,33.9,27.2,71,4,20,1006.8
2023,8,11,0,31.8,26.5,76,4,20,1006.9
2023,8,12,0,32.8,27.5,76,4,20,1006.9
2023,8,13,1.5,33.2,27,75,4,20,1007.1
2023,8,14,20.1,33.8,26,81,4,360,1007.5
2023,8,15,0,32.1,27.6,75,3,20,1008.2
2023,8,16,69,33,25.8,74,4,20,1007.7
2023,8,17,1.5,31.5,26.5,78,4,20,1006.7
2023,8,18,1.3,32,25.7,78,4,360,1006.2
2023,8,19,-1,32.5,26,74,4,360,1007.6
2023,8,20,0,32.7,27.3,71,4,20,1008.5
2023,8,21,-1,32.8,26.5,71,4,20,1007.8
2023,8,22,40.6,32,25.2,84,3,360,1007.2
2023,8,23,-1,32,26.4,76,4,360,1006.9
2023,8,24,0.7,31.1,24.5,79,4,20,1008.2
2023,8,25,0,31.4,27.5,78,4,360,1006.4
2023,8,26,6,30.3,25.3,80,6,360,1003.6
2023,8,27,1,30.4,25.5,81,6,360,1001.5
2023,8,28,0,32.7,26.7,77,4,360,1001.4
2023,8,29,5.5,30.7,25.5,83,7,20,1002.4
2023,8,30,108,29.8,25.5,85,0,0,1003.9
2023,8,31,55.5,30.3,25.2,87,0,0,1004.5
2023,9,1,15.2,29.6,25.6,89,5,20,1004.4
2023,9,2,48,31,24.8,90,5,20,1003.2
2023,9,3,57,30.3,24.5,88,2,230,1003.7
2023,9,4,8.4,28.6,25.6,87,3,260,1005.6
2023,9,5,3,30.4,25.8,85,3,20,1008.2
2023,9,6,0,32.4,26,75,3,360,1008.8
2023,9,7,-1,32.4,28.4,74,2,360,1008.4
2023,9,8,13,33.3,25.5,76,3,40,1009
2023,9,9,0,33.4,27,74,3,360,1007.7
2023,9,10,27.6,32,27,74,2,360,1008.2
2023,9,11,0,33,27,74,2,20,1007.7
2023,9,12,14.7,32.2,25,83,2,70,1007.6
2023,9,13,-1,31,27.3,77,3,360,1007
2023,9,14,0,31.6,26.3,79,3,40,1007.6
2023,9,15,0,30.7,26.4,76,2,40,1009.3
2023,9,16,10.5,32.4,26.6,78,2,40,1009.4
2023,9,17,2,33,25.3,76,2,360,1008.7
2023,9,18,0.1,32.8,26,72,2,360,1008.2
2023,9,19,1.7,33.7,25.7,74,2,360,1008.4
2023,9,20,-1,33.5,27.8,70,2,20,1007.7
2023,9,21,0.1,33,26.5,74,3,20,1007.2
2023,9,22,48,30,24.2,82,2,40,1006.2
2023,9,23,42.9,28.3,24.5,91,2,40,1006.8
2023,9,24,0,31.4,27.3,79,2,360,1006.5
2023,9,25,7.3,30.4,25.5,81,2,20,1007.5
2023,9,26,48,32.3,22.5,80,3,40,1006.9
2023,9,27,41,31.9,22.3,79,3,20,1006.6
2023,9,28,69.2,32.2,24,82,2,20,1007.7
2023,9,29,18.3,32.9,26.5,78,2,20,1007.8
2023,9,30,5,32.3,26.3,79,4,20,1005.8
2023,10,1,7,31.8,25,84,4,20,1005.9
2023,10,2,10.4,31,26.4,84,4,20,1007.6
2023,10,3,1.2,30.1,26.4,83,5,20,1008.5
2023,10,4,0,29.8,26.5,81,5,20,1008.6
2023,10,5,45.5,31.5,23.5,88,3,40,1008.1
2023,10,6,0,29.8,26,78,3,40,1008.9
2023,10,7,0,31.7,25.9,77,2,360,1009.5
2023,10,8,0,32.8,26,76,2,360,1009.6
2023,10,9,32.8,33.2,24.9,81,2,20,1009.5
2023,10,10,1.4,33.2,25.5,64,2,40,1008.8
2023,10,11,8.3,33,25.1,73,3,40,1009.2
2023,10,12,0,33.2,26.3,77,2,360,1009.7
2023,10,13,4,33,25.5,78,2,20,1008.8
2023,10,14,2.7,32.1,26,73,2,20,1008.3
2023,10,15,0,32.8,26.6,71,2,40,1009
2023,10,16,0,32.2,29.2,70,2,40,1010.4
2023,10,17,0.8,33.7,25,68,2,360,1010.9
2023,10,18,-1,32.6,26,70,2,40,1010.7
2023,10,19,4,28.2,25.1,86,1,360,1010.7
2023,10,20,14.5,32.8,25,83,3,360,1010.6
2023,10,21,0.2,28.5,25.3,84,1,360,1011.2
2023,10,22,17.8,31.9,24.8,80,2,20,1011.2
2023,10,23,0.5,29,24.6,78,1,360,1010.8
2023,10,24,17.5,32,24.7,84,3,360,1010.6
2023,10,25,0.8,32.2,25.8,77,2,360,1010.5
2023,10,26,0,32.2,26,72,2,40,1009.9
2023,10,27,4.8,32,26,74,2,20,1009.5
2023,10,28,0.5,32.7,25.5,75,2,40,1009.5
2023,10,29,1.4,33.4,26.8,67,2,360,1010.1
2023,10,30,0,32.7,26.1,65,2,40,1009.8
2023,10,31,-1,32.8,26,59,3,20,1009.8
2023,11,1,-999,-999,-999,-999,-999,-999,-999
2023,11,2,-999,-999,-999,-999,-999,-999,-999
2023,11,3,-999,-999,-999,-999,-999,-999,-999
2023,11,4,-999,-999,-999,-999,-999,-999,-999
2023,11,5,-999,-999,-999,-999,-999,-999,-999
2023,11,6,-999,-999,-999,-999,-999,-999,-999
2023,11,7,-999,-999,-999,-999,-999,-999,-999
2023,11,8,-999,-999,-999,-999,-999,-999,-999
2023,11,9,-999,-999,-999,-999,-999,-999,-999
2023,11,10,-999,-999,-999,-999,-999,-999,-999
2023,11,11,-999,-999,-999,-999,-999,-999,-999
2023,11,12,-999,-999,-999,-999,-999,-999,-999
2023,11,13,-999,-999,-999,-999,-999,-999,-999
2023,11,14,-999,-999,-999,-999,-999,-999,-999
2023,11,15,-999,-999,-999,-999,-999,-999,-999
2023,11,16,-999,-999,-999,-999,-999,-999,-999
2023,11,17,-999,-999,-999,-999,-999,-999,-999
2023,11,18,-999,-999,-999,-999,-999,-999,-999
2023,11,19,-999,-999,-999,-999,-999,-999,-999
2023,11,20,-999,-999,-999,-999,-999,-999,-999
2023,11,21,-999,-999,-999,-999,-999,-999,-999
2023,11,22,-999,-999,-999,-999,-999,-999,-999
2023,11,23,-999,-999,-999,-999,-999,-999,-999
2023,11,24,-999,-999,-999,-999,-999,-999,-999
2023,11,25,-999,-999,-999,-999,-999,-999,-999
2023,11,26,-999,-999,-999,-999,-999,-999,-999
2023,11,27,-999,-999,-999,-999,-999,-999,-999
2023,11,28,-999,-999,-999,-999,-999,-999,-999
2023,11,29,-999,-999,-999,-999,-999,-999,-999
2023,11,30,-999,-999,-999,-999,-999,-999,-999
2023,12,1,-999,-999,-999,-999,-999,-999,-999
2023,12,2,-999,-999,-999,-999,-999,-999,-999
2023,12,3,-999,-999,-999,-999,-999,-999,-999
2023,12,4,-999,-999,-999,-999,-999,-999,-999
2023,12,5,-999,-999,-999,-999,-999,-999,-999
2023,12,6,-999,-999,-999,-999,-999,-999,-999
2023,12,7,-999,-999,-999,-999,-999,-999,-999
2023,12,8,-999,-999,-999,-999,-999,-999,-999
2023,12,9,-999,-999,-999,-999,-999,-999,-999
2023,12,10,-999,-999,-999,-999,-999,-999,-999
2023,12,11,-999,-999,-999,-999,-999,-999,-999
2023,12,12,-999,-999,-999,-999,-999,-999,-999
2023,12,13,-999,-999,-999,-999,-999,-999,-999
2023,12,14,-999,-999,-999,-999,-999,-999,-999
2023,12,15,-999,-999,-999,-999,-999,-999,-999
2023,12,16,-999,-999,-999,-999,-999,-999,-999
2023,12,17,-999,-999,-999,-999,-999,-999,-999
2023,12,18,-999,-999,-999,-999,-999,-999,-999
2023,12,19,-999,-999,-999,-999,-999,-999,-999
2023,12,20,-999,-999,-999,-999,-999,-999,-999
2023,12,21,-999,-999,-999,-999,-999,-999,-999
2023,12,22,-999,-999,-999,-999,-999,-999,-999
2023,12,23,-999,-999,-999,-999,-999,-999,-999
2023,12,24,-999,-999,-999,-999,-999,-999,-999
2023,12,25,-999,-999,-999,-999,-999,-999,-999
2023,12,26,-999,-999,-999,-999,-999,-999,-999
2023,12,27,-999,-999,-999,-999,-999,-999,-999
2023,12,28,-999,-999,-999,-999,-999,-999,-999
2023,12,29,-999,-999,-999,-999,-999,-999,-999
2023,12,30,-999,-999,-999,-999,-999,-999,-999
2023,12,31,-999,-999,-999,-999,-999,-999,-999