RAINFALL,TMAX,TMIN,RH,WIND_SPEED,BAROMETRIC_AIR_PRESSURE
0,29.2,21.4,76,2,1005.7
0,29.6,23.6,67,2,1004.9
-1,29.7,23.4,69,2,1005.9
0,32.3,23,72,1,1006.2
0,32.6,24.2,69,1,1005.9
0,33.4,23,63,1,1006.1
4.4,31,23,80,1,1007.1
18,31.8,22,85,1,1006.7
0,32.9,23.1,74,1,1007.2
-1,31.4,24,71,1,1007.3
-1,29.7,24.2,68,2,1007.5
0,29.5,22,71,3,1008.1
0,30.2,21.5,63,2,1008.1
0,30,22,66,1,1007.5
0,30.5,22,65,1,1005.4
28.5,30.4,23.3,79,1,1004.5
0.4,28.9,22.9,82,1,1004.5
0.4,31.3,24,77,1,1005.9
0,30.3,22.5,70,1,1006.2
0,32,22.5,68,1,1005.4
0,30.5,23.2,77,1,1004.8
0.4,30,21.8,80,1,1004.7
0.5,29.9,21.8,75,1,1004
16,29.2,22.6,89,1,1004.1
0,31.5,22.6,73,1,1004.6
4.3,32,24,75,1,1004.1
10.3,26.2,23.4,91,1,1004.7
-1,28.5,22,77,1,1005.2
2.2,30.1,22.8,78,1,1005.5
0,31.2,22.9,73,1,1005.9
-1,28.7,22,80,1,1007.7
0,31.4,21.6,70,1,1006.6
0,31.7,21,71,1,1007.1
0,29.8,21.9,66,1,1007.5
0,32,22.9,65,2,1006.9
0.5,29.7,21.5,70,2,1007.5
-1,29.3,20.5,68,1,1006.2
0.2,27.9,22,80,2,1005
0,29.7,20.6,72,1,1004.4
0,30.2,23,68,1,1004.9
0,30.2,24.4,75,1,1006.6
0.4,30,24.1,77,1,1007.4
0,32.3,24.2,64,2,1008.8
0,30.7,23,64,2,1009.2
0.2,30,24.1,69,1,1008.5
0,31.6,23,71,1,1008
0,33.3,23.8,62,2,1006.5
0,34,22.5,67,2,1006.2
0,33.6,21.9,67,1,1007
0,33.4,21.8,56,2,1007.1
0.4,32,23,67,1,1006.1
0,33.3,23.7,66,1,1005.2
0,33.3,20.4,62,2,1006.3
0,32.8,21.9,61,1,1007.4
0,33.2,23.2,62,1,1008.4
-1,32.1,23.6,66,1,1006.6
0,32,24.6,65,1,1006.3
0.3,30.8,23.8,71,1,1006.3
0,32.8,24.3,68,1,1006
0,33.8,25.4,63,2,1004.7
-1,33.6,24.5,66,1,1004.8
0,33.4,24.2,65,2,1004.6
0,34.7,24.2,63,2,1006.1
0,34.7,24.2,59,2,1006.3
0,34.6,24,63,1,1006.5
1.6,32.6,24.5,68,1,1005.7
6.8,30.5,23,75,1,1005.9
0,30.3,23.2,73,1,1006.7
0,30,21.5,67,2,1007.9
0,30.2,19.8,64,2,1008.9
0,31,22,65,1,1007.7
0,31.2,20.6,67,1,1007
0,31.8,21,62,1,1007
0,32.4,24.4,64,1,1006.6
0,33.1,24,64,1,1006.7
0,32.9,22.8,65,1,1007.2
0,32.8,22,67,1,1006.8
0,33.5,22,60,1,1005.1
0,33.8,23,66,2,1004.8
0.9,33.2,25.5,69,2,1003.4
-1,33.8,24,65,1,1004.1
0,33.2,23.5,58,2,1006.9
0,31,21.5,57,2,1008.3
0,30,20.9,61,1,1009.2
0,30.8,23,62,1,1007.2
0,30.7,21.4,67,1,1005.3
0,31.6,24.8,63,1,1004.4
1,31.8,24.1,64,1,1004.3
9.4,31.3,22.5,72,1,1003.9
0,30.4,23.8,69,1,1003.9
-1,30.8,21.8,69,1,1004.8
3.4,30.8,24,74,1,1005.6
12.6,30.4,24.3,77,1,1006
-1,31.3,23.9,72,1,1005.4
-1,30.1,22.2,70,1,1005.2
0,33.3,24,61,1,1005.3
-1,33.8,24.5,57,2,1006.9
0,32.7,24.1,66,2,1007.7
0,32,24.2,67,1,1007.6
41,34,23.9,70,1,1007.4
0.6,33.1,24.4,67,1,1006.2
0,34.2,24.8,60,1,1005.9
0,35,24.5,62,1,1006.1
0,35,24.5,59,1,1004.9
0,34.5,24.6,62,1,1004.4
-1,33.8,23.6,59,1,1005.5
0,34.8,23.8,53,1,1006
-1,33.6,23.1,55,1,1005.9
0,34.1,23.6,58,1,1005.5
0,34.1,23.8,60,1,1005.4
0,34.9,26,62,1,1004.8
-1,32.7,24.4,69,1,1004.7
0,35.4,26,58,2,1003.8
19.8,33.8,25.3,64,1,1003.9
9.3,33.8,24.5,67,1,1004.5
20,34,23.4,72,1,1005.6
0,33.9,24.6,62,1,1006.4
0,34.8,25.2,57,1,1005.6
1.6,34.2,25.2,64,1,1005.4
6.5,34.5,24.5,63,1,1006.2
10.9,33.2,24.9,71,1,1006.2
0,36.8,24.8,59,1,1005.6
0,36.6,25.8,53,1,1006.3
0,35.6,25.2,59,2,1006.9
-1,32,25,76,1,1008.4
0,34.2,24.8,63,1,1006.6
-1,34.6,25,66,1,1004.9
0,34.8,26.5,65,1,1005.5
-1,34,25.3,66,1,1006.6
1,35,22.9,63,1,1006.6
-1,32.8,24,66,1,1005.5
27.2,34.8,24,69,1,1005.1
0,34.6,25.7,67,2,1004.6
-1,35.4,26,62,1,1004.4
9.5,34.2,25.2,75,1,1004
6.2,35.3,24.9,69,1,1003.8
-1,34.4,24.8,61,1,1003.2
0,33.4,25.5,63,1,1002.3
5.3,34.2,25.2,65,1,1002.1
-1,34.2,25.6,65,1,1002.4
0,34.9,25,65,1,1003.8
1,33.4,25.4,76,1,1004.8
-1,34.8,25.8,67,1,1004.1
12.3,33.7,24.2,79,1,1004.2
3.6,33.4,24.7,80,1,1004.4
0.8,34.2,24.5,72,1,1004
-1,35,26.4,64,1,1003.8
0,35.6,26.2,61,1,1004.1
0,34.6,26,67,1,1004.6
9.2,34.8,26.2,72,1,1004.1
0,35.7,26.6,64,1,1003.9
-1,35,26.5,64,1,1003
1.9,34,24.8,73,1,1004.1
2.6,33.6,25.2,70,2,1003.7
-1,35.4,27.4,59,2,1003.5
29.6,34.2,25.2,75,1,1003.8
110.6,31.4,24.7,87,1,1003.1
0.8,31.2,23.5,82,1,1000.7
16.8,30.1,25,84,2,999.4
193.5,26.5,23.5,94,1,999.9
20,26.8,23.5,91,1,1002.4
91.8,27.8,24,93,2,1003.2
16,27,24.2,92,1,1003
82.6,27,24.3,91,1,1001.9
9.2,30.5,25,82,1,1001.2
16.6,31.4,24,78,1,1001.5
21.1,30.4,24,84,2,1002.9
0.2,32,25.8,80,1,1003.5
0,32.4,25.2,73,2,1004
0,33.1,27.2,70,1,1005.1
5.2,32.4,25,80,2,1005.3
97.1,31.9,24,80,1,1005.2
1.4,31,23.8,81,1,1005.1
12.6,34,24,77,2,1004.7
0.9,32.4,25.5,78,1,1004.9
35.5,32.7,24.8,78,1,1004.7
14.6,29.9,23.9,91,1,1004.6
-1,32.8,24.8,76,1,1004.5
-1,32.2,25.6,73,2,1003
-1,32.1,26,72,2,1001.7
6.2,31.2,25.6,73,2,1002.5
0.7,31.4,25.6,78,1,1003.7
8.2,31.9,26.4,74,1,1003.7
6.2,31.3,25.5,78,2,1003.3
1.6,31.6,25.2,72,2,1002.7
-1,31.7,26,75,2,1002.3
3.7,33,25,74,1,1000.7
17.9,32.4,24,81,2,1000.2
0.8,32.2,25.2,80,1,1000.6
24.2,31.1,23.8,80,1,1001
2.8,31.7,25.6,78,2,1000.6
14.6,29.8,25,84,2,1001.5
-1,29.5,24.8,80,2,1002.3
31.8,31.4,24,83,1,1001.1
21.2,31.6,24.8,78,2,1000.5
42.8,29,25,86,2,1000
89.9,28.6,24.8,89,1,998
142,26.1,24.5,96,2,999.3
11.7,29.2,24.8,86,2,1001.6
54.5,29.5,23.4,88,2,1002.7
69.7,28.4,25,86,2,1000.9
65,30.4,24.5,81,3,999.6
25.7,26.2,24.5,94,1,1002.1
6.4,28.3,25.2,91,1,1003.6
13.6,29.8,24.6,86,1,1003.4
0,30.5,24.9,82,1,1003.1
1.1,30,24.3,81,1,1002.4
9,28.3,24.5,85,1,1002.7
47.7,30.2,25.2,88,1,1002.4
0.6,32,26.4,81,2,1002.1
54.6,30.8,26.2,82,2,1002.6
0.4,32.2,26.2,82,2,1002.2
5.4,31.4,25.3,81,2,1002.1
73,30,25.2,82,2,1002.1
-1,30.6,25.8,78,1,1001.5
16.8,31.5,24.4,81,1,1000.3
-1,31,24.4,81,1,1001.2
-1,30.8,25,77,1,1000.3
17.1,30.7,24.9,84,1,1000.1
13.4,31.4,25.5,76,2,1001.3
17.8,29.8,25.2,83,1,1003.3
27.8,28.4,25.5,86,2,1002.1
270.1,27.8,24.1,91,2,1000.1
52.6,27.8,25,89,2,999.1
11,29,25.6,85,3,1000.9
11.3,30.4,25.5,81,2,1001.4
1.4,30.4,26.8,78,2,1002.2
28.8,30.5,25,80,2,1000.4
16.2,30.6,24.6,84,2,1000
2.2,29.8,25,83,2,1001.3
21.6,30.1,25.2,80,2,1002.3
44.2,28.2,25.6,87,1,1001.7
17.2,30.7,26.2,81,2,1000.7
0.6,30.3,26.3,79,3,1001.6
-1,30.4,27.4,78,2,1003
37.4,30.6,25.6,80,2,1002.9
6.2,30.3,25.6,82,2,1001.1
0,29.8,25.4,82,1,1002.6
0,32.2,25.4,77,1,1004.8
0,32.8,24.7,70,2,1005.6
0,33,24.5,69,1,1004.6
2.2,32.7,24.6,72,1,1005.4
24.6,31.7,24.4,81,1,1005.4
-1,31.8,24.9,80,1,1003.6
115.7,32,24.1,78,1,1002.1
0.2,31.1,25.4,78,1,1003
38.2,30.4,24,82,2,1002.7
-1,30.6,24.7,81,2,1001.4
29,30.5,24.8,88,1,1000.6
28.2,29.2,23.5,84,2,1002.4
1.8,32.2,26,79,2,1004.4
4.4,32.4,24.8,78,1,1005.2
4.6,32.3,25.2,79,1,1005.4
61.4,31.2,23.8,84,1,1004
76.1,31,23,84,1,1003
11.6,32,25.6,78,1,1000.7
60.7,29,23.5,84,3,994.7
62.4,28.8,24.2,86,2,996.6
23.2,31,24.8,82,1,1003.5
13.2,32,24.4,85,1,1005.6
0,33.6,24.8,68,2,1004.7
11,31.8,25.4,78,1,1003.4
31.3,32.1,24.2,86,1,1003.9
44.5,31.2,23.5,91,1,1006.2
3.3,32,23,78,2,1006.5
5.2,33.6,25.2,67,1,1004.6
0.8,32.8,26,73,2,1002
4,32.6,24.6,78,1,1000.2
3.5,32.4,24,76,2,1000.5
0,32,25,73,1,1000.8
0,32,25.5,75,1,1001.5
0,32.4,25,70,1,1001.7
0,33.4,25.4,70,1,1002.5
0,33.1,25.4,68,1,1003.9
78.6,31.6,24,80,1,1003.8
12.8,32.8,24.6,78,1,1004.6
0,31.5,24.6,77,1,1004.9
0,32.8,23.8,70,1,1005.4
0,32.4,25.1,68,1,1006.3
0.2,31.4,24.6,75,1,1005.6
8.8,32.5,23.6,74,1,1005.1
0,31.9,24.2,72,1,1004.9
2.8,32.2,24.3,84,1,1005.3
0,33.8,24.7,70,1,1006.1
0,33.8,24,69,1,1006.5
-1,34.5,26.1,65,1,1006.1
1.8,31.7,24.4,79,1,1006.5
1.4,32.2,23.6,79,1,1006.4
4,32,23.2,81,1,1005.7
12,32.8,23.9,77,1,1004.6
0.1,32.7,23,73,1,1005.6
0,33.6,23.6,70,1,1007.2
5.9,32.6,24.9,78,1,1007.2
0,31.6,23.7,79,1,1006.7
0,34.2,23.8,69,1,1006.6
0.8,32.6,22.5,70,1,1007.1
0,31.7,23.9,71,1,1007
0,32.5,24.2,67,1,1007.1
0,33,24.8,65,1,1006.6
0,33.2,25.5,67,1,1005.6
5,33.2,22.9,69,2,1002.9
-1,30.2,23.9,65,2,999.6
47.3,27.8,25.7,88,2,998.2
0,32.5,24.8,71,2,1003.8
0,33.4,25.8,69,1,1005.6
0,32.8,23.5,75,1,1006.7
-1,33.6,24.4,69,1,1007
0,33.8,23.8,72,1,1006.2
-1,32.6,24.8,67,1,1006.1
-1,33.4,24.6,69,2,1006.7
0.5,31.7,23.7,73,1,1007.2
1.4,32.6,24.1,65,1,1006.5
-1,30.1,23.5,73,1,1006.1
0,31.8,22.7,70,2,1007
0,33,23.3,65,1,1006.4
-1,32.7,24.9,65,1,1004.8
0,31.7,23.4,68,1,1004
0,33.9,23.7,62,1,1005.6
0,33.4,22.8,64,2,1007
0,33.8,23,66,1,1007.2
0,32.6,23,66,1,1007.3
0.2,32.2,23.4,67,1,1007.7
0,33.1,22.6,62,1,1007.8
0,31.1,25.6,68,2,1006.5
4.4,28.9,23.8,82,1,1005
-1,31.8,24.2,79,1,1006.1
0,32.2,22.8,70,1,1007
-1,31,23.9,74,1,1008.2
-1,31.8,22.4,72,1,1007.9
0,31.8,22.8,69,1,1008.4
0,32.8,24.2,69,1,1008.7
-1,30.5,23.9,73,1,1009.1
0,31.6,22.5,71,1,1009.5
0,31,23,71,2,1008.8
0.3,31.4,24.9,69,2,1007.1
0.3,31.6,22.2,71,1,1006.9
-1,33,24.6,65,1,1007.1
2.8,32,23.4,75,1,1006.6
0.1,33,23.4,72,1,1006.1
0,34.9,22.6,68,1,1005.6
1.8,32,23,73,2,1006.7
0,33,23,66,2,1007.5
0,30.8,22.1,76,1,1007.3
0,32.4,23.5,64,1,1007.4
-1,32.2,22.9,73,1,1007.5
0,32.6,24.7,66,1,1008.9
16.7,29.3,23,80,1,1009.2
14.7,28.8,23,88,1,1009.2
-1,30,23.3,83,1,1008.9
0,30.6,22.5,77,1,1008.6
0,29.5,22.4,74,1,1009.1
-1,31.4,24.2,68,1,1009.8
-1,30.8,21.4,71,1,1009.2
-1,30.2,23.5,70,1,1007.4
2.2,28.6,23.4,79,1,1006.1
3.8,31.7,24,80,1,1005.7
59.6,30.2,23,94,1,1005.1
11,30.2,23,93,1,1004.7
0,31.6,23.4,83,1,1004.5
3.2,30.6,22.6,84,1,1004.6
-1,31.4,24,75,1,1003.5
15.9,29.4,23,84,2,1004
8.6,24.5,22.8,80,2,1005.9
7.8,26.6,23,88,1,1008.6
17.3,26.4,22.8,91,1,1009.2
4.4,30.7,22.5,82,1,1009.9
0,30.9,23,77,1,1010.8
-1,29.8,23,80,1,1012.1
0,32,22.3,67,2,1012.8
0,32.6,21.8,76,2,1011.6
-1,31.8,21,79,2,1010.7
0,30.3,20,73,1,1010.4
0,31.6,23,67,2,1010.6
0,31.1,22.5,76,1,1010.8
0,31.3,23.8,76,2,1010.1
-1,31.7,22,70,2,1009.4
0,31.6,22.5,68,1,1008.7
-1,29.8,20.9,72,1,1007.5
0,31.6,20.2,64,2,1007.2
0,31.7,21.6,64,2,1008.5
0,31.8,19,65,2,1008.9
0,31.2,20.4,69,1,1008.3
0,31.4,20,62,2,1008.6
0,32.2,22.1,65,2,1007.6
0,31.9,23.1,64,1,1006.6
0,29.8,23,65,2,1006.1
-1,30.8,24.8,67,2,1006.5
0,29.7,23.4,68,2,1007.4
0,31.2,25,67,1,1008.4
0,29.3,23.5,64,1,1009.5
0.2,28.5,21.3,66,1,1010
-1,27.8,21.6,65,2,1011
-1,28.4,21.6,72,1,1011.4
0,28.3,21.3,66,2,1011.3
-1,28.5,21.2,66,2,1011.5
0,28,22.4,74,1,1011.2
-1,28.3,19.6,75,1,1010.9
0,30.2,20.4,66,2,1009.9
0.3,31.6,23,67,1,1010.3
0,31.8,20,62,1,1010.1
0,31.5,20.4,68,1,1009.3
0,30.9,19,66,1,1008.7
0,31.5,19.8,62,1,1009.2
0,32.8,20,60,1,1008.7
0,33,23,63,1,1009.8
0.4,31.6,23.2,69,2,1011.8
0,32.4,21.2,58,2,1013.3
0,31.1,23.4,65,2,1013.1
4.4,28.3,20.6,84,1,1012.7
0,32.3,19,61,1,1012
0,32.7,21,55,1,1011.6
0,32.4,20.5,61,1,1009.9
0,33,22.8,59,1,1009.4
0,32,20.4,65,2,1010.6
0,33,20.4,57,2,1012.1
0,32,20.4,59,2,1012.6
0,32.3,21,56,1,1011.2
0,31.3,21.5,63,1,1009.3
0,31.8,19.5,63,1,1007.7
0,31.4,21.2,61,1,1007.5
0,30.7,21.2,65,1,1008.2
0,29.9,21.3,64,1,1008.5
0,31.5,21.2,60,2,1007.4
0,30.3,20.2,67,1,1007.6
-1,31.8,21,62,1,1007.9
0,32.2,20.6,58,1,1006.1
0,33.4,22.5,59,1,1005.9
0,33.7,24.5,62,1,1007
0,32.3,22.3,64,1,1008
0,32.2,23,62,1,1007.7
0,32.2,23.3,61,1,1007.4
0,32.3,22,57,1,1007.7
0,33.4,20.9,55,2,1007.3
0,32.2,21.3,61,1,1007.5
0,31.9,24.6,67,1,1007.4
0,32.8,24.8,69,2,1007.9
0,32.4,22.5,59,1,1009.3
0,32.3,25.5,62,1,1009.1
2.8,31,23.5,66,1,1008.5
0,33,22.5,62,2,1008.8
0,32.6,22.1,62,1,1008.6
0,34.4,22,55,1,1007.7
0,34.1,22.3,56,1,1007.8
0,34.4,22.3,50,2,1007.5
0,33.8,23,54,1,1006.8
0,33.3,22.2,55,1,1006.7
0,33.8,23.7,53,2,1007
0,34.2,22.3,48,2,1007.8
0,33,21,60,1,1008.8
0,33.7,25,54,1,1009.9
0,33.6,24.6,54,2,1009.1
0,32.7,25,62,1,1006.7
0,33.6,25,61,2,1006.1
0,33.7,23.1,60,1,1007
0,33.2,23.8,56,2,1007.9
0,32.7,23.5,59,2,1008.3
0,33.3,26.4,57,1,1007.7
0,32.8,23.5,56,1,1008
0,34,25.4,58,1,1007.8
0,34.3,25.2,61,1,1007
0,35.4,25,63,1,1006.7
0,34.6,26,60,1,1006.3
0,35,26,51,2,1006.2
0,34.2,25.9,63,1,1006.3
0,35.4,25.6,61,1,1005.5
0,33.3,27.4,63,1,1005
-1,32.4,26,75,1,1005.9
0,35.9,26,62,2,1006.5
0,34.4,28.1,61,2,1005.9
0,33.9,25.2,59,1,1006.1
0,35,25.9,60,1,1005.7
0,35.3,28.2,61,1,1005.3
0,34.8,25.8,70,1,1004.9
0,35.8,24.8,55,1,1004.2
0,35.2,23.8,53,1,1003.4
0,36.6,26.2,55,1,1003.7
0,35.4,25.2,54,1,1004.3
0,35.8,25.4,51,2,1005.1
0,36.3,27.2,54,2,1005.2
0,36.4,25,46,1,1004.6
0,35,26,53,1,1004.5
0,36,22.6,51,2,1005.2
0.4,35.2,26.1,57,1,1006
0,33.8,24.8,55,1,1005.7
0,35.5,27,56,2,1004.4
23,35.3,26.8,64,2,1004.4
8,34.6,26,67,1,1004.9
0,34.6,26,64,1,1005.7
0,34.2,25.8,63,2,1004.9
0,34,27.9,66,1,1003.5
3.4,31.4,26.8,78,2,1002.9
2,31.4,26.4,78,1,1002.4
69.6,32,24,83,1,1002.6
15.8,33.7,25,74,1,1003
1.6,32.9,25.6,75,2,1004.6
-1,33,25.4,74,2,1005
0,33,25.6,72,1,1005.1
0,36,27.2,64,1,1004.9
0,36.2,28,62,1,1004.9
4.2,34.9,25.8,70,1,1005.3
-1,35.7,27.7,64,1,1003.8
0.2,33.6,26.8,68,1,1003.5
2,34.2,27.5,67,2,1003.6
8.2,34.8,26.8,71,2,1004.2
1.8,33.8,27,74,1,1004.2
24,33.6,24.7,79,1,1004.1
9,33.7,24,78,1,1004.1
0,33.8,26.3,74,1,1004.7
20.1,32.2,25,84,1,1004.8
0.1,33.2,25.5,69,1,1003.9
55.4,33.6,24,78,1,1004.6
3.3,35.4,25.2,76,1,1004.8
-1,35,25.8,68,1,1004.2
2.2,33.7,25,74,1,1004
0,33.8,25.8,74,1,1004
0,34.7,26.7,65,1,1003.6
0,36.2,26.4,60,1,1003.6
0,36.4,26.6,61,1,1003.9
6,35.7,25.5,71,1,1004
0,35.8,26.7,63,1,1003.8
13.4,33.5,26.8,75,1,1005.1
0,36,26.8,57,1,1005.8
0,35.6,26,59,1,1005.5
0,34.8,26,62,2,1004.3
5.5,35.6,26.7,65,1,1003.1
4.8,33.6,26.6,84,1,1003
0,33.4,27,70,1,1003.7
0,33.4,28.2,69,1,1004.1
12.6,33,27,73,2,1003.3
34.7,33.2,25.5,79,1,1003.2
1.4,32.6,25.8,76,2,1002.5
-1,33.8,27,72,2,1003.8
-1,35,26.8,68,2,1004.3
0,36.6,26.3,62,1,1003.8
2.7,33,26.8,68,1,1002.4
16.2,34.8,26,74,1,1002.1
3.6,35.4,26,74,1,1002.7
0.5,34.9,26.1,73,1,1001.8
111,34.8,24.5,73,2,1002
89.4,32,24,81,2,1004.5
1.6,33.2,25,81,1,1003.9
1.8,32.9,25.4,80,2,1002.4
2.1,31.3,25.8,86,1,1001.4
72.6,29.6,24,91,1,1001.9
27,29.6,25.4,89,1,1001.4
28.4,31,25.1,79,2,999.7
41.6,27.9,25.2,94,1,1001.7
-1,30.4,25.4,78,1,1004.9
0,33.3,25,65,1,1006.4
0,34.4,25.4,68,1,1006.3
8.6,32.8,23.8,74,1,1004.3
-1,32.6,25,73,1,1003.6
7.5,33.2,25.7,73,2,1005
0,32.9,26.2,71,1,1005.6
0,32.6,27.7,73,1,1004.6
0.2,32.8,26.6,73,2,1005.6
0,34.8,26.4,70,1,1006.6
32.2,33.6,24,79,1,1005.1
12.9,34.4,24.5,71,1,1003.4
23,32.6,24.6,80,1,1002.2
0.8,29.8,25.2,82,1,1001.2
6.2,29.2,25.8,84,1,998
16.2,29,25.9,86,2,997.3
23.8,30.6,25.2,86,2,1000.4
8.5,32.6,25,77,1,1003.2
0,33,25.8,76,1,1003.8
19.8,33.4,25.1,78,1,1003.4
6.3,32.8,25.8,84,1,1002.5
0.2,31.6,25,80,1,1002.1
12,32.6,25.3,76,1,1003.7
8.6,32.3,24.8,78,1,1004.7
1,31.8,24.8,76,1,1003.5
70,30.4,24,84,1,1002.7
20.6,30,24.6,88,2,1003.2
8.4,32.4,25,77,2,1003.6
12.9,30.6,24.2,83,1,1002.9
6.4,32.6,25,81,1,1002.4
33,32.2,24.8,82,1,1002.5
101.6,29,24,91,1,1001.4
35.8,26.6,24.8,91,1,999.5
12,29.8,25.6,84,2,997.7
28.4,30.8,25.2,84,1,998.1
11.3,29.8,26.1,82,2,996.7
17.6,28.6,26.1,87,1,995.1
67.6,29.2,26.1,84,2,995.8
53.3,28.2,25,88,1,999.5
3,31.2,26.4,77,2,1001.8
0,30.8,28.2,77,3,1001.9
0.2,31.1,27.8,79,3,1002.6
0.2,30.4,27.9,81,2,1003
-1,31.3,28.2,78,3,1003.6
0,30.1,26.6,79,2,1004.4
4.4,32.4,26.5,74,2,1005.1
0.6,31.8,25.8,77,2,1005.3
0,32.8,27.2,74,2,1004.4
0.7,32.4,26,79,2,1002.4
11.8,32.2,26.2,80,1,1002.3
23.1,31,25.2,80,2,1003.6
1,30.7,25.5,79,2,1002.4
12.5,29,25.2,81,2,1001
37.2,28.8,23.5,86,1,1002.2
16.7,29.8,24.3,94,1,1004.2
15.4,32.1,25,83,1,1002.6
1.2,28.6,24.8,88,1,998.7
0.8,31.4,25.8,80,2,1001.3
13.7,29.9,24.7,86,1,1004.3
7.6,30,25,82,1,1004
10,30.6,24.1,84,1,1002.2
-1,33,25.2,73,1,1001.8
9,30.5,25,86,2,1003
10,30,24.8,86,1,1003.9
0,32,27.7,68,2,1003
10.4,31.6,26.6,72,2,1003
0.1,31.2,26.8,73,2,1002.6
0.5,31.2,27.5,76,3,1003.3
21.9,32.2,25.1,77,2,1003.6
20.5,29.8,23.8,90,2,1004
-1,28.7,24.6,80,1,1006.1
24.5,30.1,24.6,81,1,1003.4
15.2,26.4,23.1,90,1,1000.1
-1,30.2,24.8,80,1,1000.7
18.4,32.4,24.9,81,1,1002.7
44.6,29.8,24.8,90,1,1002.8
30.4,28,24.3,94,2,1001.8
20.8,29,24.9,86,2,1002.2
36.5,29.5,25.4,82,2,1003.7
28,29,24.5,90,1,1004.5
32.7,29.5,23.5,89,2,1002.9
0,30.6,24.5,79,1,1004.3
0,32.6,24.5,71,2,1007.3
5.5,33.3,25.3,76,1,1007.9
7,31.9,23.5,84,1,1007.4
0,33.5,24.6,75,1,1007.2
1.2,32.2,26.6,76,1,1006.5
23.2,32.3,23.8,82,1,1006.1
0,32.8,26.9,72,1,1004.9
2.8,32.2,27,78,2,1003.7
0,31.6,26.2,77,1,1004.8
0,32.6,26.2,76,2,1006.5
6.8,31.7,23.2,80,1,1007.2
23,33.3,23.4,72,1,1006.4
22.6,30.8,23,86,1,1005.4
0,32.6,23.9,78,1,1005.2
0.2,32.8,23.8,77,1,1005.7
0,33.2,24,68,1,1006.1
-1,33.1,25.3,69,1,1005.7
0,32.1,24.2,72,1,1005.3
0,32.8,25,71,1,1005.1
2.5,32.6,23.5,78,1,1004.3
62.2,32.4,23,79,1,1004.6
0,32.8,23.7,67,1,1005.8
0,33.3,23.4,68,1,1007
0,33.1,24.2,68,1,1006.6
-1,32.6,23.8,73,1,1005.9
0,32.9,24.6,69,1,1005.7
-1,33,24,71,1,1006
3,31.8,24.9,77,1,1006.1
0.2,33.1,24.8,79,1,1005.9
7.5,32.1,24.4,76,1,1004.2
25.8,31.4,23.3,82,1,1003.8
0,32.4,24.8,75,1,1004.4
7.6,31.5,24,86,1,1006.3
4.2,32.8,24,75,1,1006.6
-1,32.6,24,69,2,1006
6,33.2,25.3,67,2,1004
1.2,31.1,25.4,80,1,1003.7
1.1,30.6,24,83,1,1004.6
0.5,30.7,24,80,1,1005.6
11.4,31.8,25.4,74,1,1004.5
26.8,30.5,24.8,85,1,1003.2
22.7,30.2,24.8,84,1,1002.4
-1,32.8,25.8,75,2,1003.6
0,32,25.5,77,1,1003.3
9.3,32.2,24.3,78,1,1000.6
8,31.4,24,83,1,999.5
19,32,23.8,77,1,1001.1
-1,32,24,73,1,1003.3
4.4,32,24.5,82,1,1004.8
0,31.8,24.6,78,1,1005.3
-1,31.8,25,72,1,1005.8
-1,30.4,23,80,1,1006
0,29.7,24.8,70,1,1005.7
0,31,23.6,73,1,1003.7
5.7,32,24.5,76,1,1004.3
1.2,33,24.3,75,1,1004.6
0.2,32.2,25.7,75,1,1004
0,31.6,25.6,77,1,1003.8
0,32,25,73,1,1003.3
5.4,31.8,25.2,75,1,1003
-1,30.6,24,82,1,1005.4
20,29.8,23.5,87,1,1006.9
2.4,31,24.4,83,1,1007.5
2,31.8,23.8,79,1,1006.6
0.7,30.6,25.2,70,2,1006.5
-1,30.6,22.9,79,2,1006.9
0.2,32.2,25,78,1,1006.1
-1,32.5,25.5,69,1,1006.4
0,31.4,20.1,74,1,1008.1
0,31.8,22.7,68,1,1007
0,30.4,23.3,64,2,1005
-1,29.8,25.2,73,2,1002.3
55,28,22.5,83,2,999.5
0,32.6,24.5,71,2,1004.6
9.9,30.8,24.2,82,1,1006.2
0,31.9,23.8,78,1,1005.6
2.6,31.6,23,79,1,1006.7
0,31.8,21.9,69,2,1007.9
0,30.6,23.2,68,1,1007.5
0,31,23,72,1,1006.6
0,31.2,24.5,74,1,1006.7
-1,30.2,23,74,1,1008.2
0.8,31.5,22.5,75,1,1009.3
1.2,31.8,24.1,77,1,1008.7
0,33,24.7,70,1,1007.9
0,33.4,23,68,2,1007.5
0,32.6,21.8,73,1,1008.4
0,33.3,22.8,66,1,1008
0,33.2,22.1,70,1,1007.7
-1,32.6,23,71,1,1007.2
0,32,22.3,75,2,1006.9
0,32.8,21.8,68,1,1005.9
-1,30.2,21.8,80,1,1007.1
0,32.8,23.5,65,1,1007
55,29.4,24.6,82,2,1004.7
0.4,31.4,22.5,80,1,1005.3
0,33.2,24,72,1,1006.1
0,33,22.5,71,2,1008
0,31.8,23.7,70,2,1009
0,32.9,24,69,1,1009.7
-1,31.2,24.2,78,1,1012.4
-1,30,24.2,74,2,1011.4
-1,31,21.4,73,1,1011.6
0,30.9,21,71,1,1010.1
0.4,31.6,22,69,2,1008.3
0,30.4,24.3,69,2,1009
0,31.3,22.4,67,1,1008.6
2.4,31.4,23,74,1,1008
0,30.6,22.4,78,1,1007.6
0,31.1,21.8,70,1,1006.8
-1,29.8,22,78,1,1005.9
0,32.2,22.5,71,1,1005
0,32,24.2,74,1,1005.1
-1,30.2,22.8,80,1,1004.9
0,30.6,22.2,75,1,1007.2
0,30.4,22.8,77,1,1007.9
0,32,23.6,69,1,1007.7
-1,31.8,23.8,76,1,1007.8
-1,31.6,22.9,76,1,1007.9
0,29.6,21.4,79,1,1009.6
0,29.3,21.6,74,1,1010.8
0,31.6,19.9,65,1,1012.7
0,31.4,21.2,64,1,1011.7
0,32.2,23.4,65,1,1010.2
6.4,27.6,24,82,1,1009.2
0.2,29,22.4,81,1,1007
0,32.2,25,77,1,1005.4
0,33,21.5,65,1,1005.9
0,32.4,20.2,68,1,1006.8
0,30.4,21.6,74,1,1007.2
0,30.8,21.4,65,2,1007.5
-1,28,18.5,73,1,1009.8
0,29.4,20,68,1,1010.2
-1,27.8,21.4,70,1,1010.9
1.4,26.9,18.5,73,1,1011.2
0,30,20,67,1,1009.4
0,30.4,24.2,65,1,1008.5
-1,29.6,24,72,1,1008.6
49.4,29.6,24,85,1,1009.5
8.7,30.4,23.7,80,1,1009.9
0,29.1,22.4,70,1,1010.4
0,28.6,19.8,67,1,1011.3
0,30.2,19.5,70,1,1012.8
0,31.5,20.8,63,2,1011.4
0.4,28.2,20.4,77,1,1010.3
0,31.4,22.4,68,1,1008.7
0,33,21,64,2,1009.1
0,33,22.2,69,1,1009.7
-1,31.4,24.8,71,2,1010.7
0,31.6,22.6,64,1,1011.3
0,31.2,21.2,64,1,1011.8
0,29.8,20.2,64,1,1012.7
0,31.8,20.2,61,1,1013.2
0,32.6,22.6,59,1,1012.8
0,32,22.8,65,2,1010.8
0,33.1,22.9,65,2,1009.4
0,31.8,21.4,69,1,1008.6
4.4,30.4,23.6,72,1,1008.6
-1,31.8,22.4,66,1,1008.5
0,31.8,23.5,64,1,1008.1
0,31.6,22.2,61,1,1007.1
0,31.6,21.2,67,1,1007.1
0,32.9,21.6,60,1,1007.6
0,31.6,23.2,67,1,1007.9
-1,31.4,21.5,69,1,1007.5
0,32.2,21.5,67,1,1006.8
0,32,23,65,1,1007.2
0,33.8,25.4,67,1,1006.4
0,35,25.4,66,1,1005.2
0,35,26,68,2,1004.8
0,34.2,26.5,68,1,1006.3
-1,33.6,25.8,63,1,1008.5
0,33.6,23.8,59,1,1009.3
0,34.4,23,58,1,1009.1
0,33,25,62,1,1007.4
0.8,32.8,24.5,69,1,1007.9
-1,29.8,25.4,68,1,1009.5
0,30.6,23.4,67,1,1009.9
0,33.7,21.8,57,1,1008.4
0,33.6,24.6,63,1,1008.2
-1,33,23.5,65,1,1007.9
0,34.6,23.6,62,1,1008.4
0,34.6,23.3,60,2,1007.5
0,34.2,23.2,61,1,1006.6
0,33.2,26.1,57,2,1006.5
0,34.4,22.2,52,2,1006.6
0,34.8,23.8,50,2,1007.7
0,35,24.8,59,1,1007.1
0,34.2,25,56,1,1006.1
0,35.6,24.8,54,1,1005.5
-1,32.3,23,61,1,1006
0,35,23.4,55,1,1006.4
0,33.6,24.8,58,1,1006.5
0,34.6,22,54,2,1007.6
0,34.2,21.9,51,1,1008
0,33.6,23,57,1,1007.4
0,34.8,23.4,55,2,1007.3
0,34.8,25,54,2,1005.5
-1,35.2,26.2,60,1,1005.2
0,34.4,25.8,63,1,1006.2
-1,32.2,24.8,67,1,1007.9
-1,33.6,24.9,62,2,1007.8
-1,32.6,26.5,64,1,1006.8
4.6,33,24.8,66,1,1005.6
1,31.5,24.7,72,1,1006.3
0.6,32,23.7,67,2,1007.4
3.9,34.7,24.6,66,1,1007
4,33.2,24,73,1,1006.8
0,33.2,26,65,1,1007.7
0.4,34.4,25,69,1,1008
0,34.4,24.6,63,1,1006.9
0,35,26.1,59,2,1006.7
0,35.8,25.8,57,1,1005.8
26.4,35.2,26,63,1,1005.7
0,35.2,26,62,1,1005.8
0,35.8,24.6,56,2,1005.4
0,34.2,25.7,63,1,1006.2
0,34.6,25,64,1,1006.5
-1,33.8,24.2,63,1,1006.5
0,35.4,24.8,57,2,1005.9
-1,35.1,25.6,62,1,1006.5
0,34.8,23.8,59,1,1006.3
0,34.6,24.8,61,1,1004.7
-1,34.6,27,56,2,1003.8
1.2,32.2,25.6,76,1,1004.8
0,36.5,26.3,65,1,1004.8
0,37.3,26.6,58,1,1004.3
1,36.8,27.8,63,1,1004.6
0,35.8,29.2,65,1,1004.2
0,36.2,28.5,57,1,1004.4
4.8,36.5,25.7,69,1,1005
18,35.6,25.7,69,1,1004.7
0,35.8,27.4,60,1,1003.7
-1,36.2,27.4,64,1,1004.6
16,34.8,26,75,1,1004.5
9.2,34.5,26.3,74,1,1003.6
113.1,28.4,23.6,94,2,1000.3
0,33.4,25,75,1,1002.2
1.6,34.8,27.4,69,1,1001.5
0,34,26,67,1,1001.9
-1,34.6,26.2,70,1,1002.9
0,35,27.3,68,1,1003.8
0,35.4,28.6,65,1,1003.6
0.8,35,28.5,70,1,1003.8
14.6,34.4,25.2,76,2,1005.3
0,34.4,26.6,69,2,1007.1
0,34.8,28.6,62,1,1006.3
1.2,33,25.2,74,1,1006
14.6,35.8,24.7,72,1,1006.3
0,35.2,25.2,68,1,1006.8
3,34.2,25.8,73,1,1007.1
-1,34.9,26,72,1,1007.8
0,35.6,25,57,1,1006.5
12,34.2,25.2,71,1,1005.9
3.4,35.1,25.5,73,1,1005.6
0,34.2,26.8,69,1,1005.2
0,35.1,27,69,1,1005
0,35,25.8,65,1,1004.6
0,35.6,26.8,62,1,1004.1
28.4,35.7,25.6,70,1,1003.2
0,34.2,25.2,66,1,1004
21,33.4,24.5,77,1,1003.9
30.4,33,25.1,82,1,1003.2
49.1,33,25,82,1,999.9
23.2,29.8,25.4,82,1,1001.6
0.4,33.8,26,70,2,1004.5
-1,33.4,25.3,66,1,1006.7
12.4,32.3,25.4,84,1,1006.8
0,33.2,24.9,70,0,1004.7
0,34.2,25.8,67,1,1004.6
0.6,34.4,23.4,67,1,1004.7
0.9,30.4,25.5,84,1,1005.4
0,32.4,25.4,77,1,1004.2
0,34.8,25.6,68,1,1003.2
0,34.4,26.9,69,2,1002.8
11.1,35.2,25.7,71,1,1003.9
0.6,34,25.6,72,1,1003.6
0.6,33.6,25,72,1,1004.2
4,34.8,25.7,67,2,1004.5
6.8,33.8,26.4,71,2,1004.3
4,31.8,25.4,76,2,1004.8
4,31.6,25.4,71,1,1004.1
0,33,25.1,71,1,1004.4
0,33.6,26.4,64,1,1003.4
-1,33,26.4,73,1,1003.5
0,34.4,26,64,2,1005
52,32.8,24.5,80,1,1005
35.2,33,25,75,1,1004.1
1,34.4,26.2,72,1,1005
0,33.8,24.5,71,1,1005.2
2.6,33.4,25.1,78,1,1003.3
53.6,33.5,25.2,77,1,1002.2
4.6,33.2,26,79,1,1004
2.9,31.8,24.5,85,1,1004.1
-1,32.6,26.6,80,1,1003.1
5.1,27,24.5,90,2,1004.3
0,33.4,25.6,79,1,1004.6
1,33.1,24.2,79,1,1003.9
-1,35,26.2,64,2,1003.7
1.4,34.2,25.3,68,1,1004.9
0,35.2,25.5,67,1,1004.3
2,32.8,25,70,1,1003.8
0.4,34,25,72,1,1004.1
39.4,33.3,24.2,77,1,1004.5
0.4,32.4,25,84,1,1003.9
9.8,33.6,24.5,77,1,1003.7
-1,32.8,25.3,78,1,1004.1
28.6,34.2,23.5,78,1,1004
0,33.4,25.4,76,1,1003.5
7.2,32.8,25,78,1,1003.3
4.8,31.4,25.1,78,1,1002.3
65.6,28,25,91,1,1000.5
2,32.2,24,84,1,1001
40,31.6,25.5,82,1,1003.1
17.9,31.6,24.6,90,1,1004.5
0.2,29.8,25.2,84,1,1004
2.6,33.7,24,74,1,1002.9
5.4,33.4,25.6,76,2,1003.2
0.2,32.7,26,72,1,1003.5
13.4,31.6,24,87,1,1003.5
89.2,31.8,24,89,1,1002.7
1.2,31.2,25.4,85,1,1001.1
50.8,28.4,24.4,89,1,1002.5
12,31,24,86,1,1005.4
36.3,32.6,25.1,87,1,1006.6
0,32.7,24.4,77,1,1006.7
4.4,32.2,24,81,1,1005.6
13,32.6,24.8,77,2,1004.1
1.8,32,25,82,1,1003.5
5,31.6,24.4,81,1,1002.9
0.4,31.6,25,79,1,1002.5
6,31.6,24.6,86,1,1002.3
22.9,31.1,24.9,85,1,1002.6
42.2,29,24.9,90,1,1003.4
1.8,29.6,24,87,1,1005.3
22.8,33.6,25,76,2,1005.4
0,32.6,26.2,74,1,1005.2
0,32.6,25,72,1,1004.6
-1,32.8,27.3,75,2,1003.2
0,32.7,26,73,2,1002.8
0,32.6,26.6,70,1,1002.3
0,31.6,25.5,73,1,1001.8
1.4,32.8,26,77,1,1000.7
1,30.9,24.7,73,2,1001.1
1,32,26.2,76,1,1001.7
5.6,31.6,24.5,78,1,1003
3.4,32.6,25.9,74,1,1004.3
1.4,34,25.2,71,1,1005.3
-1,34.6,27.3,71,2,1003
0,34.1,26,70,1,1001.1
9,33.8,25.7,72,1,1001.8
56.8,32.9,25.2,78,1,1004.4
0,34.2,25.4,75,1,1005.9
14.6,31.8,24.5,78,1,1003.9
6.4,33.8,24.5,75,1,1002.2
32.8,32.5,25,83,1,1004
0.2,31,24,84,0,1005.6
0,32.4,24.5,78,1,1004
27.6,33.6,24.9,83,1,1002.6
10,31.1,24.9,87,1,1001.4
-1,31.2,26.8,79,1,1001.1
0.4,29,23.5,80,1,1003.7
-1,32,24.6,77,1,1006.2
35.8,32.6,24.5,85,1,1005.9
0,33.2,25.2,81,0,1003.9
-1,32.8,24,71,1,1002.7
32.2,33,24.3,77,1,1003.1
12.4,32.2,24.6,84,1,1004.2
4.4,32.6,25,79,1,1003.4
0.6,30.8,25.6,84,1,1002.4
0,33.8,25.4,75,1,1003.1
0.4,34.6,26,72,1,1004.5
15.4,33.2,25,78,1,1005.1
23.6,31.8,24,83,1,1003.1
26.8,33.6,25.1,78,1,1001.5
32.9,33,25.2,81,1,1002.1
0.4,31.4,26.2,79,1,1003.1
0.8,32.8,25,81,1,1002.2
13.8,33.4,24.9,80,1,1000.4
11,31.8,24.2,86,1,1001.6
2,31.6,24.8,79,1,1002.3
12.6,29.6,24.5,86,1,1002.4
5,28,24.5,93,1,1003.1
1.7,28.9,24.5,88,1,1003
13.8,30.4,25.2,86,1,1001.8
37.6,27.8,24,93,1,1001.2
84,31,24.3,89,1,1001.8
38.6,32.4,24.6,83,1,1003.6
28.4,26.4,23.9,94,1,1003.2
-1,31,24,80,1,1003.1
0.8,32.8,24.7,80,1,1003.3
9.3,28.2,24.7,88,1,1004
1.9,28,24.4,91,1,1004.2
1,32.5,25,76,1,1001.8
37.2,26.6,25.2,94,2,998.1
1.4,30.6,25.8,79,2,999.2
-1,32.2,26.2,76,1,1001.2
-1,32,26,80,1,1002.8
42.8,31.6,24.5,90,1,1004.1
47.1,31.6,24.4,85,3,1000.2
0.2,28.4,25.7,82,1,998.3
0,31,25,73,1,1003.5
-1,33,24,73,1,1007.1
4.1,33,24,86,1,1006.8
0,33.4,26,74,1,1004.8
1,32.6,24.5,71,1,1003.4
28,25.8,22,94,4,998.5
-1,30.8,23.8,79,1,1003.7
2.8,32.2,24.8,79,1,1005.3
7.8,29.6,24.7,87,1,1006
0,29.6,24.8,82,1,1007
-1,30.8,24,79,1,1006.5
9.6,30.4,23,82,1,1004.9
1,32,24.9,81,1,1002.5
2.6,30.8,24.5,84,1,1004.1
1.4,30,25.4,83,1,1005.3
153,28.6,25,92,3,997.1
62.5,28.2,25.3,89,2,1001.5
0,33,24.9,73,2,1004.7
5.4,31.6,24.7,83,1,1006.4
-1,31.2,24.4,80,1,1007.4
3.6,31.2,24.5,81,1,1005.9
0,32.8,23.8,75,2,1005.4
3,32.2,24.6,78,1,1004.9
0,32.4,23.2,75,1,1004.8
2,32.8,24.4,74,1,1005.1
0,33.2,23.5,73,1,1006.3
-1,31.2,24.2,76,1,1006.9
0.7,31.6,22.3,74,1,1007
0,31.8,22.5,69,1,1006.7
-1,31.8,22.5,71,1,1006.6
1.6,32,24.4,68,2,1005.8
0.4,27.8,24.5,90,0,1006
9.8,31.4,23.8,82,1,1006
6.8,28.8,23.8,90,2,1006.1
0,31,22.5,73,1,1006.2
0,30.8,24.2,74,1,1004.8
0,30.6,24,75,1,1002.3
0,31,25,78,1,1002
0.7,28.8,25.2,83,1,1003.6
7.4,30.8,25.4,84,1,1004.5
0.3,31.8,23.7,80,1,1005
12.8,27.4,24.7,93,1,1005.5
0.2,32,24.8,77,1,1006
31.8,30.4,24.8,83,1,1005.3
4.4,27.4,23.5,94,0,1005.7
0,31.8,24.5,84,1,1005.3
-1,30.8,24.4,82,1,1004.4
0.8,31.4,23.4,80,1,1004.7
0,31.4,23.8,77,1,1005.7
0.8,31,23.6,79,1,1006.4
-1,32.3,23.1,71,1,1006.9
3.8,29,23.8,88,0,1006.2
33.8,30.6,23.7,83,1,1004.8
18.1,26.8,23.8,94,1,1004.8
-1,31,23.6,84,1,1004.9
-1,28.8,23.6,86,1,1005
0,31.4,24,76,1,1005
0,33,24,70,1,1005.1
0,31.6,22.8,73,1,1005.3
0,32.6,25,74,1,1005.3
21,30.2,24,86,1,1004.7
35.8,25,23.5,95,1,1003.4
0,30.6,24,79,2,1003
11.4,31.6,24.6,84,1,1004
3,30.8,25.4,77,1,1004.3
-1,29,22.8,62,2,1006.6
-1,27.6,23.3,72,1,1007.5
0,29.8,24,72,1,1006.8
44.2,26.4,23.2,89,0,1006.9
0.8,31.6,24,77,2,1005.8
0.3,29.4,21.8,85,1,1006.7
0,32,22.6,73,1,1005.5
-1,29.4,22,80,1,1005.1
0,30,24,71,2,1005
0,29.8,23.2,66,2,1006.2
0,28.8,21.6,68,1,1007.1
0,27.6,23.2,68,1,1007.5
0,29.6,20.6,66,1,1006.9
0,28.2,22.4,70,1,1005.8
0,30,24,72,1,1005.4
0,30.2,23,75,1,1004
0,29.6,23.4,72,1,1004.4
1.5,29.8,23.7,70,1,1005
0,29,24.2,74,1,1005.3
-1,29,24.3,77,1,1004.7
72.4,28,23.8,90,2,1004.6
0,30.4,23.8,84,1,1004
14.6,31.4,24.2,84,0,1004.1
0,29.6,24.2,81,1,1005.3
37.2,31,24,85,1,1006.3
0.2,31,23,87,1,1005.6
2,29.2,24,88,1,1005.6
6,29.2,23.5,86,1,1005.8
0,29.6,22,82,1,1007.2
0,29.6,22.2,73,1,1007.8
0,29,19.9,70,1,1009.7
0.4,29.8,21.4,64,1,1009.8
0,30,21.4,73,1,1009.1
0,30,21.6,73,1,1008.4
0,31.2,22.4,68,1,1008.2
0,30.8,24,70,1,1008.7
0,31,24.1,69,2,1008.1
-1,30.8,22.6,73,1,1007.3
0,33,22.5,72,1,1006.7
-1,31.2,24.5,69,1,1006.6
5.4,31,23.5,84,1,1005.1
3.2,29,23.2,86,1,1004.5
-1,31.6,24.8,75,2,1003.9
0.3,32.2,22.9,71,2,1005
1,28,23,87,1,1006.3
0,31,24,81,1,1006.1
1.6,28.6,21.8,74,1,1006.3
0.4,29.8,21,73,1,1006.9
0,31.4,22.7,70,1,1007.8
0,30.8,22.8,61,2,1009.6
0,28.4,21,64,1,1010.2
0,27.8,19.3,67,1,1009
0.2,31,22,67,2,1007.3
6.1,27,23.6,86,1,1004.9
-1,31.8,23.3,82,1,1003.5
-1,30,23.6,79,1,1003.3
0,33.6,22.3,64,2,1003
0,34.4,25.1,65,1,1003.4
0,32,24.5,74,1,1005
8.4,31,23.8,80,1,1006.7
-1,33,23.2,74,2,1008.4
0.4,32.2,24.5,75,1,1008.1
-1,32.2,23.6,68,1,1008.8
0,31.8,24,68,1,1009.4
0,33.8,22.6,64,2,1009.1
0,33,22.6,58,1,1009.3
0,32.8,23.8,63,1,1008.7
0.6,32.8,23.8,60,1,1008.6
-1,32.2,22,69,1,1009.3
0,32.2,22,65,1,1009.1
0,32.8,23.6,62,1,1009.5
2,30.9,23.6,72,1,1007.8
-1,30,24,72,2,1006.6
0.2,31.2,24,71,1,1005
2.8,31,24,75,1,1004.5
0,33.4,25.8,70,1,1005.1
63,34.2,25.6,74,1,1005
1.6,33.8,24.7,76,1,1004.1
-1,31.5,24.5,77,1,1003.6
-1,31,24,75,1,1002.8
9,31.8,24.8,81,1,1004.8
-1,33,24.7,67,2,1007.1
-1,31.6,23.6,63,2,1007.5
0,33.2,23.2,66,1,1006.2
0,33.9,23.1,62,1,1002.6
0,34,23.5,61,1,1001.8
-1,34,24.5,65,2,1001.7
0,34.7,22,57,2,1002.8
0,34.8,22,55,2,1004.2
0,34.2,22.7,57,1,1004.4
1.1,33.8,24,59,2,1004.8
-1,33.8,24.8,67,1,1006.7
0,33.4,24,63,2,1006.8
0,31.4,25.7,64,2,1005.9
-1,31.8,25,60,1,1004.7
0,33,23.8,60,2,1006.2
0,33.4,24.4,60,1,1007.8
0,32.3,23,64,1,1008.3
-1,33.6,23.6,63,1,1007.6
0.4,32.8,24.5,74,1,1005.7
0,33,24.7,66,1,1004.7
-1,32.4,25.1,68,1,1004.9
0,33.8,23,66,1,1005
0,32.6,25.2,68,2,1004.7
0,32.6,25.3,63,1,1002.2
53,34,24.6,65,2,1000.8
-1,32.5,25.8,72,2,1000.8
0,31.8,25.6,73,1,1001.1
1.8,33.2,26,73,1,1001.2
0,32.7,25.6,68,2,1002.1
0,33,25.4,71,2,1004
-1,33.4,25.1,66,2,1004.8
2.8,30,24.4,78,1,1006.2
-1,30.2,22.8,73,1,1007.7
0,32.1,24.6,68,1,1007.1
0,33,25.7,71,1,1005.6
0,34.2,25.4,68,1,1005.7
0,34.7,23.4,65,1,1006.6
0,34.8,24.6,59,1,1006.7
-1,34.4,24,63,1,1005.3
0,35.2,25.6,60,2,1005.6
0,35.2,24.8,59,1,1005.6
0,35.3,26.6,62,1,1006.3
-1,34.4,25,62,1,1005.5
-1,34.2,25.2,66,1,1004.5
0.6,34.8,26,63,2,1003.8
-1,33.8,27,66,1,1004.5
-1,34.6,26,65,1,1004.1
0,34.8,26.6,60,1,1004
0,36.2,26,54,2,1003.7
0,36.2,27.1,61,2,1004.1
0,35.7,26.4,59,2,1004.3
0,36.6,25.4,62,1,1004.6
0,36.6,27.4,58,2,1004.4
0,34.8,27.1,61,2,1004.4
0,36,26.2,59,2,1004
0,35.8,27.7,63,2,1004.9
-1,34.2,26.8,68,1,1004.2
-1,35,26.5,73,1,1003.9
0.8,34.8,25.8,69,1,1004.1
10,34,25.3,70,1,1005.1
-1,35.6,25.1,70,1,1004.8
0,34.8,26.6,65,1,1004.6
0,35,26,67,1,1005.2
0.4,33.4,26.8,72,1,1005.2
0,36.2,27,68,2,1003.3
1.1,35.4,26.3,72,1,1002.2
3.8,35.4,26.8,67,1,1001.2
3.6,35.6,26.5,68,2,1001.6
50.2,29.6,25.6,84,2,1001
1,31,26.2,81,1,1004.2
-1,33.4,25.6,78,1,1003.9
0,33.2,27.2,72,1,1003.3
0,32,27.8,74,1,1003.4
4.9,32.8,25.8,78,1,1004.5
48,30,25.2,89,1,1004.6
15.6,29,24.4,86,1,1002.8
25.2,33.2,25.3,77,1,1001.5
1,32.4,25.2,87,1,1003.2
-1,32.4,24.6,77,1,1005.6
-1,33,25.6,71,1,1005.7
0,33.2,26.7,70,2,1004.4
0,32.6,27.4,73,1,1003.8
0,33.4,27.4,72,1,1005.6
0,34.4,26.3,70,1,1005.7
0,34,26.5,66,2,1004.9
0,33,26,69,2,1004.3
17.4,32.4,25.6,82,1,1003.3
13.6,28.3,25.8,84,1,1004.3
4.8,31.7,24.8,77,1,1005.5
0,32.6,25.2,76,2,1005.4
-1,32.4,25.6,76,1,1005
0.1,32.2,24.4,78,1,1005.3
0,33.8,26.8,71,1,1005.8
33.6,32.4,24,88,1,1005.6
0.1,33.7,24.8,76,1,1004.5
0,34,25.5,72,1,1004.5
7.6,33.6,26.3,75,1,1004.7
4.3,34.6,25,77,1,1004.6
4,32,24,76,1,1004
44,29,24.8,91,1,1001.6
10.6,31.8,24.8,86,1,1000.3
2.8,32.2,25.8,82,2,1001.8
15,31.8,24.4,79,1,1004.7
-1,32.5,26.2,73,1,1005.1
0.6,33.1,25.2,76,1,1004.5
16.8,31.3,25.4,79,1,1004.4
1.2,32.2,25.2,77,1,1004.8
-1,34,25.6,73,1,1005.1
6.4,31.8,25,85,1,1004.5
23.4,31.3,24.2,81,1,1003.7
2,32.6,24.4,81,0,1002.6
-1,32,25.4,82,0,1003.3
41.8,32.4,25.4,80,1,1002.5
-1,32.2,26.5,79,2,1000.3
12.6,31,25.8,78,2,1000.3
9.6,31,25.7,83,2,1001.4
28.4,27.6,25.5,91,1,1001.5
47.6,26.3,25.2,94,0,1000.4
101.4,26.7,24,94,1,998.1
189,29.8,24.4,92,2,997.8
130.7,27.2,24,94,2,999.9
26.4,28.8,25.6,92,1,1001.6
10,30.6,26.5,80,2,999.5
32.4,29.3,25.8,89,2,998.2
39.5,28.8,24.2,94,2,1000
12.2,28.8,24.3,93,2,1002.7
4.2,31.8,26,80,1,1003.2
6.8,30.4,27.2,79,1,1002.4
7.6,30.6,25.6,81,2,1000.9
12.6,31.2,26,82,2,1000.5
1,31,27.6,82,3,1001.4
0.9,31.7,28.4,77,2,1002
2.2,31.4,26.8,78,1,1002.7
0,31,27,77,1,1003.4
0,32.2,27.4,78,2,1004.7
0,32.6,25.4,74,2,1005.3
29.2,32,25.5,75,1,1004.2
12.4,30.6,24.4,84,1,1004.7
-1,30.5,25,83,1,1007.3
0,31.8,26.4,78,1,1006.8
0.4,33.8,24.8,74,1,1004.6
20.6,31.4,24.9,87,1,1005
0.4,31,24.4,83,1,1006.8
0,33,24.7,75,1,1006.7
8.2,31.8,24.6,88,1,1005.1
7.4,32.9,24.4,80,1,1003.6
4,33,24.5,77,1,1004
-1,32.4,25.6,79,1,1004.2
27.8,32,24,82,1,1004.2
12.8,33.8,24.4,78,1,1004
1,32.6,25.8,79,1,1004.5
2.2,29.6,23.4,88,1,1005
13.4,31.5,24.2,84,1,1004.6
15.2,29.1,24.6,91,1,1005
16,31.4,24.5,89,1,1004.4
19,31.2,25.4,88,1,1003.4
23.6,31.8,24.6,88,1,1004.2
12.8,31.8,24.2,82,1,1004.5
0.4,32.2,25.4,81,1,1005.1
0.6,31.5,24.4,79,1,1004.8
0.4,33,24.7,74,2,1004
70.5,33.2,24.5,72,2,1003
3.4,32,25.6,77,1,1004
4,31.8,24.8,80,1,1003.9
3.2,33,24.2,83,1,1003.7
62.2,29.2,24.4,87,2,1002.8
41.2,27.8,24.4,96,2,1000.1
0,32.2,26.2,79,1,1001.8
41.6,30.4,25,84,1,1001.8
33.8,29,24.8,90,1,1002.9
3.3,29,24.1,89,1,1003.3
-1,32.2,24.6,80,1,1005.7
0,32.4,24.8,80,1,1006.8
25.4,32.8,24.6,87,1,1006.1
21.2,31.9,24.4,87,1,1004.4
1,32.3,25.5,80,1,1003.4
1.4,32,24.8,82,1,1004.3
4,27.2,24.5,92,1,1005.4
15.4,29.6,25,91,1,1004.6
0.6,32.2,25.2,78,1,1003.4
0,33.6,26,70,2,1005.4
25.8,33.6,24.2,76,1,1006.5
6.6,32.2,24.2,76,1,1005.3
0,32.4,25.8,77,1,1003.8
1.5,32.8,25.7,78,1,1002.6
0.8,30.8,25.6,85,1,1002.5
-1,33.8,26.2,75,1,1002.1
22,32.3,26,80,1,1002.2
10.2,29.4,25.4,88,1,1003.8
0,33.2,25,76,1,1004
2.6,32,25.2,86,1,1003.9
19,30,24.2,84,1,1003.3
3.8,31.8,24.4,88,1,1002
5.4,28.4,25.2,90,1,1001
0.4,30.1,25.3,82,1,1001.9
-1,31.8,25.2,80,1,1002.2
-1,31.7,25.6,77,1,1003
0.4,32.6,25.6,78,1,1001.8
0.8,32.8,25.4,78,1,996.6
7.4,31.4,27.2,80,1,992.5
10.1,30.2,25.9,85,2,996.3
1.8,31.7,25.5,82,1,1001.8
5.6,29.4,25,87,1,1002.6
28.8,31,25.3,91,1,1001.3
1,33.2,24.5,78,1,1004.2
0.3,33.6,25.8,75,2,1006.1
0,28.7,23.4,83,1,1007.6
0,33,24.4,74,1,1008.1
-1,32.6,25.4,74,1,1007.7
6,32,23.5,83,1,1007
0,31.5,24.4,78,1,1006.5
5.2,31.6,25,81,1,1006.2
12.6,28,23.6,91,1,1005.8
0.2,27,23.9,91,1,1005.6
6.8,30.6,23.9,88,1,1006.4
0,33.3,24.2,70,1,1006.6
-1,29.8,23.8,77,1,1007.5
0,33.5,23.6,65,1,1008.3
0,30.2,23,78,1,1008.9
0,32.8,24.2,66,1,1008.4
-1,32.8,25.1,69,1,1007.8
-1,32.8,23,68,1,1007.2
0,33.8,23,66,1,1006.2
0,33.4,26.6,63,1,1005.4
-1,33.1,25.4,69,2,1003.7
0,34,24.6,69,1,1003
18.6,33.9,25.1,73,1,1004.3
4.8,31.2,24.8,83,1,1005
0,32.6,23.8,71,1,1006.5
0,32.1,23.9,72,1,1006
0,34,24.4,67,1,1005.4
0,32.3,25.6,70,1,1006.6
0,32.6,24.7,72,2,1005.9
0,31.6,24.5,76,1,1005.6
10.6,30.4,24.6,86,1,1004.9
1.8,33.8,25,74,1,1005
0,33.6,24.6,76,1,1005
-1,31.5,24.4,74,1,1002.7
-1,31.7,24.3,76,1,1002
1.3,32.1,25.6,78,1,1003.5
-1,31.4,24.8,80,1,1005.2
7.6,32.8,24.2,83,1,1005.4
0,31.4,25,74,1,1006
-1,32.3,24.6,74,1,1005.7
0.4,30.2,25,79,1,1005
0,29.4,24.2,85,1,1005.1
-1,31,24.6,81,1,1005.5
9.6,26.9,23.6,91,1,1005.6
0.2,31,24,85,1,1004.2
0,33,26.1,77,1,1003.1
0,31.8,23.2,69,2,1004.3
0,31,22.2,66,1,1006.1
0,30.2,21.1,65,1,1007.5
-1,29,20.4,69,1,1008
0,31,20.2,67,1,1006.6
0,29,20.8,72,1,1005.9
-1,28.6,21,75,1,1007.6
0,31.3,23.3,63,1,1008.6
0,30,21.4,63,1,1008.1
0,31.7,22.4,65,1,1007.2
-1,29.8,24.4,75,1,1007.5
0,30.4,23.4,75,1,1007
0,32,23.2,67,1,1006.3
0,31.8,21.4,62,2,1006.8
0,30,23.8,69,2,1006.1
-1,31.6,24.8,66,2,1004.3
2.8,30.2,24.9,80,1,1002.1
49.6,33.6,23,79,2,1005.5
9,27.5,23.6,91,1,1008.3
34,29.4,23.5,90,1,1008.4
0,33.4,25.2,76,1,1007.6
0.2,29.2,23.8,86,1,1007.2
0,29.8,23.2,84,1,1006.6
-1,31.3,22.6,80,1,1007.2
0,31,22.6,76,1,1008
3,30,22.6,80,1,1009.1
-1,28.1,23.1,74,2,1010.3
-1,29.2,23.2,70,1,1010.5
0,30.6,22.4,74,1,1010.7
0,29.9,20.1,70,1,1011.1
0,30.8,23,64,1,1011
0,29.4,22.4,67,1,1010.9
0,29.2,21.1,69,1,1009.9
0,30,21.5,63,1,1009.4
0,30,22.2,65,1,1009.2
0,30.4,22.7,65,1,1008
0,28.8,20.6,72,1,1008.8
0,30.8,22.7,68,1,1008.9
8.6,30.6,22.7,79,1,1007.8
0,31.7,22.7,76,1,1006.5
0,30.4,24,78,1,1006.9
0,30.6,22.8,69,1,1008
0,30.8,22.7,69,1,1008.8
0,28.7,21.3,69,1,1009.3
-1,27.8,21.3,75,1,1009.5
0,28.4,19.7,71,1,1010.4
0,30.9,19.5,67,1,1010.1
0,30,19,71,1,1009.5
0,29.4,21.6,67,1,1007.5
-1,29.8,23,70,1,1005.5
-1,29.8,23,69,1,1006
4.8,29.3,22.9,81,1,1006.8
0,31.5,24,71,1,1005.7
-1,32,23,76,1,1005.3
-1,30.6,22,79,1,1005.1
0,31.8,23.2,70,1,1005
2.4,29.7,24.3,83,1,1005.1
0,33.6,24.6,74,1,1005.4
0,32.2,23.8,70,1,1005.5
0,32.4,26,72,1,1004.6
11.6,31.1,24.1,81,1,1005.6
0,31.6,22.8,71,1,1007.2
0,30.8,21.5,72,1,1008.2
0,31.3,23,67,1,1008.2
-1,29.4,22.5,73,1,1007.5
0,32,22.4,63,1,1007.8
0,30.6,22.4,68,1,1008.7
0,32.3,24.6,62,2,1008.6
-1,30.2,23.4,74,1,1007.7
0,31.2,22.6,75,1,1008
0,32.1,22.8,61,1,1007.8
0,32,24.4,67,2,1006.7
0,32.3,22.2,65,1,1006.2
0,31.8,24.4,67,1,1005.1
-1,30.5,25.2,73,1,1004.7
0.6,29.4,24,81,1,1005.8
0,31.2,23,71,1,1005
0,31.5,23.6,70,1,1004.6
-1,29.8,24,76,1,1005
-1,31.6,22.8,71,1,1006.1
0,32,24.9,72,1,1005.6
0,32.5,23.6,65,1,1006.3
0,32.2,25,67,1,1007.4
7,29.8,23.8,88,1,1008.8
0,30.7,22,73,1,1009.7
0,33.8,24,65,1,1009.7
0,33.2,24.2,68,1,1009.9
0.2,32.2,22.4,69,1,1009.5
0,31.9,22.4,64,1,1009
0,33.5,22.6,61,2,1008.7
0,33.4,21.8,56,1,1008.2
0,33.1,24.4,64,1,1007.4
0,33.2,23,69,1,1006.9
0,32.6,23.6,69,1,1006.1
0,32.8,23.7,65,1,1005.5
0,33.4,23.6,60,1,1005.5
0,33,24.6,63,1,1004.9
0,31.6,24.8,65,1,1004.1
0,30.4,23.4,67,1,1005.1
0,32.2,26,64,1,1004.4
-1,30.2,26.1,72,1,1003.3
7,33.6,24.4,78,1,1002.7
0,32.3,25.2,75,1,1003.9
5,32.8,25.2,81,1,1003.7
5.4,33.8,24.8,78,1,1002.2
-1,32.3,25,73,1,1003.2
0,34.2,25.4,68,2,1003.1
3.2,33.4,25.8,76,1,1002.5
0.5,32.4,24.1,78,1,1003.3
0,35.4,24.4,62,1,1005.6
0,34.2,24.4,61,1,1007
0,35,24.8,62,1,1006.4
14.4,34.6,25.8,68,1,1005.8
0,33,26,65,2,1005.9
0,34.2,25,60,1,1006.8
0,33.4,25.2,69,1,1006.5
0,33.4,24.4,63,1,1006.1
0,34.4,25.6,58,1,1006
0,33.9,26,61,1,1006.3
0,34.5,26,61,1,1006.7
0,36,26,59,1,1006.5
10.2,33.6,23.8,72,1,1006.9
0,33.2,21.7,61,1,1006.4
0,32.8,22.2,59,1,1006.6
30.8,32.8,24.6,64,1,1007.5
68.2,26.1,23.5,95,1,1007.3
0,31.4,24.5,76,1,1005.2
0,32.4,24.8,74,1,1003.8
10.2,30.4,23.8,80,1,1002.9
0,32.8,23.6,73,1,1002.6
0.6,31,24.3,74,1,1003
0.4,32.4,25.6,70,1,1001.9
-1,31.6,25.5,76,1,1001.5
0,31,25.4,78,1,1001.1
0,32.2,25.5,70,2,1002
0,34,25.8,68,1,1003
-1,30.8,25.5,77,1,1004
-1,29.9,24.4,72,1,1005.8
0,33.8,22,63,1,1006.2
0,32.6,24.5,64,1,1006.2
-1,31.6,24,71,1,1005.8
4.8,33.2,24.2,70,1,1005.8
1,32.1,24.2,71,1,1006
0,34.4,24.5,61,1,1004.9
0,33.9,25.8,60,1,1003.8
0,33.9,25.4,67,1,1004
22,33.2,24.6,78,1,1004
1.8,33,25.6,68,1,1004
0,34.8,25.6,65,2,1004.8
0,33.8,26.7,67,2,1005.3
-1,33.8,24.8,65,1,1004.5
0,33.8,24.6,60,2,1003.3
0,34.4,24.2,58,1,1003.6
0,33.4,24,63,1,1004.4
0,34.4,24.4,59,1,1004.1
-1,35.2,24.4,60,2,1004.4
-1,35,25.2,63,1,1004.1
0,35.6,25.8,61,1,1004.4
0,36,25,59,1,1004.5
0,35.2,25,59,2,1004.5
9.4,35,24.4,66,1,1004.1
0,33.8,24.2,64,1,1004
0,35.2,25.7,62,2,1003.3
24,35.4,26.4,62,1,1003.8
15.6,34.8,25.6,73,1,1005.3
55.2,32.3,24.8,90,1,1005.1
3.9,31.4,25.2,82,1,1004.5
34.6,33.2,24.8,80,1,1005.1
3.2,32.8,24.8,80,1,1006.7
3,31.6,24.8,82,1,1006.2
16,33.4,24.4,80,1,1004.5
0,32.4,25.4,73,1,1003.3
8,32.8,25,78,1,1002.5
10,33.6,25,77,1,1004.4
0,35,26,67,1,1005.5
5.6,33,25,72,1,1004.3
62.8,33.8,24.5,76,1,1003.4
0.7,35,25.6,71,1,1002.7
9.2,29.6,24.8,84,1,1003.7
0,32.8,26.4,72,1,1004.1
-1,34.5,25.6,67,1,1003.4
19.2,31.8,25.8,76,1,1003.8
7.1,30.5,24.4,92,1,1003.9
0,33.4,26.7,73,1,1004.2
0,34.6,26,69,1,1004.6
-1,33.7,25.2,73,1,1004.7
0,34.2,26.5,66,1,1003.4
0,33.6,26.9,70,1,1002.4
15,33.2,26.4,73,1,1003.2
2,32.2,25.2,80,1,1004
0,33.6,26.4,73,1,1003.8
0,35.2,25.6,67,1,1003.7
-1,32.8,26.5,75,1,1004.5
-1,32.8,26.2,76,1,1004.2
9,34.8,25,71,1,1004.2
10.8,33.3,24.5,77,1,1004.9
3,32.8,25.7,78,1,1005.5
21,34,25,73,1,1005
0,35,26,69,1,1004.1
-1,32.4,24.6,79,1,1004.6
4.2,33.4,24.6,84,1,1003.5
2.4,34,25.3,83,1,1002.2
0.2,32.8,25.3,76,1,1003.3
54,32.4,23,83,1,1005.5
2.8,32,23,78,1,1005
-1,31.3,24.1,80,1,1004
-1,32,24.7,75,1,1003.8
2.8,32.8,25,79,1,1003.6
8.6,30,24.8,83,1,1002.1
17.8,32.6,25.4,78,1,999.8
1.1,31.6,25.8,75,1,999.3
2.8,32.2,25.5,74,1,1000.2
3,31.6,25.4,80,1,1002.8
0.2,32.4,26,73,1,1003.2
0,34.4,26.7,67,1,1002.8
7.2,33.9,24.6,77,1,1002.7
12.6,30.8,23.5,84,1,1003.6
4,32.6,25.8,84,1,1003.7
45.8,29.6,25.6,92,1,1002.9
-1,31.2,26.2,83,1,1001.4
1.4,33.6,26.5,73,1,1000.9
37.4,32.4,26,84,1,1001.7
52,33.4,25,81,1,1002.7
2.2,30.7,25.4,89,1,1002.2
0.3,30.8,25,80,1,1002.3
-1,32.8,26.2,76,1,1003.2
16.8,33.6,25,74,1,1003.5
97.5,32.8,24.4,81,1,1004.3
1.8,32.2,24.7,82,1,1003.7
6,30.9,25,87,1,1003
0,34,26.8,73,1,1003.5
4.8,33.4,25.2,69,1,1005.1
4.2,29.1,24,88,1,1006
1.4,31.9,24.5,79,1,1005
41.2,32.2,24.5,85,1,1003.6
0,33.2,26,74,1,1002.4
29,31.6,25.2,86,1,1002.9
-1,31.2,25.4,79,1,1002.7
0,32.8,26.3,78,1,1002.5
0.2,32.4,26.5,79,1,1001.2
19.2,31,26.2,79,1,1000.9
61.8,29,24.6,95,1,1001.9
0.5,30.3,24.8,85,1,1002.8
53.6,31.7,24.6,80,1,1004
0,32,25.4,78,1,1004.3
0,33.4,25.8,71,1,1003.9
39.3,32.6,24.2,85,1,1003.6
40.5,28,24.6,94,1,1002.4
6.6,29.4,24.8,86,1,1002.2
36.6,31,24.8,83,1,1002.8
9.7,28.6,24.6,87,1,1003.3
-1,30.3,24.9,77,1,1003.1
-1,32.8,25.6,72,1,1003.8
2.2,31.6,24.1,81,1,1004.8
8.6,33,25,73,1,1004.3
34,32.2,24.6,82,1,1003.2
14.2,31,25.4,82,1,1001.7
17.2,29.8,24.5,91,1,1002.9
0,31.8,25.4,76,1,1003.8
3.8,31.5,25,78,1,1004.3
3.4,32.1,25,80,1,1003.8
-1,33.7,24.6,78,1,1003.8
31.4,30.6,23.8,87,1,1004.3
2.9,31.5,25.8,79,1,1002.3
15.8,29.9,25.1,82,2,1000.1
62,26.5,24,93,2,1000.8
0.6,28.6,24,88,1,1003.9
-1,34,24,76,1,1005
0.7,34.4,25.4,71,2,1004.7
1,32.2,25.1,82,1,1003.2
30.8,32.4,24.6,84,1,1003.5
23.8,33.8,24.8,80,1,1004.6
-1,31.4,25.6,84,1,1002.4
46,29.8,24.8,89,1,1001.5
-1,31.6,25,81,1,1001.9
7.8,30.6,25,85,1,1001.3
86,28,24.8,94,1,1002
3.3,31.5,25.4,86,1,1002.9
-1,31.8,25.6,79,1,1003.8
67.1,34,25.2,80,1,1005.1
0,33.9,24.8,79,1,1006.3
7.8,34.5,25.6,75,1,1005.6
40.4,33.2,25,82,1,1004.5
33.4,27.6,25.1,92,1,1004.8
0,31.3,25.3,79,1,1003.9
0,33,25.6,78,1,1003.2
2.8,32.1,25.3,75,1,1003.8
5.5,30.9,25.3,80,1,1003.7
-1,32,25.1,78,1,1002.3
1.4,31.3,25,77,1,1001.8
23.4,31.4,25.4,83,1,1002.9
6.6,31.3,25,78,1,1003.4
30.5,27.4,25,94,1,1003
7.3,28.5,24.6,90,1,1004
-1,32.2,24.5,78,1,1004.4
12.6,30.3,24.5,83,1,1004.1
2.3,30.4,24.6,86,1,1002.9
15.2,31.6,26,85,1,1000.5
73.6,28.1,24,91,2,997.3
6.6,32.7,25,82,1,999.9
36,33,24.7,78,1,1001.3
6.8,32,25,82,1,1002.8
10.8,30.1,24,91,1,1004.9
-1,31.2,25,86,1,1006
0.2,33.6,24.4,77,1,1005.7
-1,31.7,25.4,79,1,1004.7
3.5,29.8,24.4,86,1,1005.3
-1,32.6,25,82,1,1005.9
0,32.4,24.6,73,1,1005.9
0.2,33.4,25.1,73,1,1005.8
7.2,33.4,25,84,1,1005.5
1,32.4,24.2,81,1,1005.5
-1,32.7,24.2,73,1,1005.5
0,34.8,24.8,66,1,1003.7
-1,33,25.4,72,1,1001.2
0,32.9,26.2,72,1,1001.5
36.8,32.6,25.5,86,1,1002.3
3.6,31.9,26.3,83,1,1001.4
0,33,27.5,69,2,999.4
2.8,31.3,26.2,72,2,1000.7
0.8,31.6,24.8,81,1,1001.6
10.2,32.4,25.2,75,1,1002.7
79,30.3,24.5,88,1,1004.9
6.2,30.8,24.4,91,1,1006.4
0.2,31.4,24.9,82,1,1006.8
4.4,32,24.8,83,1,1006.2
14.6,32,24.4,83,1,1005.1
0,33.8,24.9,76,1,1004.5
90.2,29.8,23.8,88,1,1005.7
0,31.8,24.2,77,1,1004.1
0,33.4,25.5,66,1,1001
27.6,29.2,24.2,80,2,998.1
119.3,26.5,24.2,96,4,988.6
12.9,30.1,26.1,87,1,995.2
1.8,30,26,86,1,999.4
2.8,29.7,23.8,85,1,1003.2
0,31.9,24.4,80,1,1005.3
-1,30.9,23.8,83,1,1006.7
22.8,31.5,23.5,89,1,1007.9
5.2,31.5,24,83,1,1007.7
0,32.1,23.6,79,1,1006.9
-1,32.3,24.7,80,1,1005.8
0,30.1,22.8,81,1,1006.6
0,33.1,24.2,77,1,1006.5
4,32.2,25.3,78,1,1006.1
0,31.7,24.4,78,1,1006
1.3,29.5,24,87,1,1006
-1,32.3,24,80,1,1006
-1,34.2,24.8,73,1,1005
0.8,31.7,24.4,76,1,1005
9.4,33,25,74,1,1005.1
5.4,31.9,24.6,74,1,1004.8
3.6,30.4,23.2,89,1,1005.3
23,29.6,24.4,91,1,1004.5
21,32.1,24.8,77,1,1003.6
0.8,30.4,24.7,86,1,1005.1
0.6,32.9,24.6,78,1,1005.9
-1,32.2,24.8,80,1,1006.2
-1,34.2,25.2,70,1,1007.1
-1,32.6,22.6,77,1,1008
0,32.1,22.3,75,1,1006.6
0,32.4,22.5,73,1,1006.2
-1,31.9,24,72,1,1006.5
0,34,23.6,73,1,1006.2
2.6,32.2,25,78,1,1005.6
4.6,32.8,24,79,1,1005.1
0.4,32.7,24.1,79,1,1005
0.4,33.6,25.4,74,1,1005
1.3,31.8,24.2,78,1,1006.1
0,30.6,23.8,82,1,1005.4
-1,32.8,24.2,74,1,1004.9
0,32,23.4,77,1,1004.6
-1,33.4,25.2,69,1,1003.3
1.3,28.6,24.9,83,1,1001.8
4.6,30.4,25,82,1,1001.3
-1,30.7,24.8,80,1,1002.5
0,29.8,24.1,81,1,1003.5
-1,31.6,25.6,75,1,1005
1.6,29.7,24.9,85,1,1005.5
2.6,31.4,23.9,84,1,1004.4
0.2,32.3,24.9,81,1,1004.6
3,31.8,23.8,87,1,1005.7
0.7,29.5,24.7,72,2,1004.7
-1,29.4,25.4,68,2,1004.1
4.8,27.6,24,82,2,1002.8
0.4,30.2,23.6,79,2,1001.2
0,29.8,23.8,76,1,1001.7
0,29.4,23.6,67,1,1003.8
0,29,23,60,2,1005.9
0,27.8,22.8,63,2,1007.9
0,28.3,22.7,65,1,1009.1
0,27.6,20.5,70,1,1009
-1,29,23.2,74,1,1008.4
1.7,29.4,23.8,75,2,1007.5
0.2,31.2,22.3,79,1,1007.5
-1,29.9,24.7,67,1,1008.4
4.7,30,24.1,80,1,1008.4
19.8,31.8,24.2,75,1,1007.6
6.5,28.5,23.5,88,1,1007.2
26.4,28.8,23.6,83,1,1007.1
19.2,28.4,23.6,94,1,1008.3
46,28.4,22.8,90,1,1008.4
0,29.6,21.9,71,1,1008.7
0,27.3,20.7,76,1,1010.2
0,29.2,21.8,75,2,1008.9
0,29.9,23,73,1,1007.5
0,30.4,22,72,1,1007.1
0,31,22,71,1,1007
0.7,30.4,22.7,74,1,1005.7
1,28.6,23.8,79,1,1003.5
35,30.5,24,85,2,1003.3
-1,30.4,23.5,77,1,1005.6
-1,30.3,24.3,74,1,1007.5
-1,29.5,23.4,81,1,1008.4
0,29.8,22.6,72,1,1008
0,30.6,23.1,71,1,1007.2
-1,29.2,23.6,72,1,1007.4
-1,30.8,21.9,81,1,1006.5
0,32.4,22,69,1,1005.6
0,32,23.8,64,2,1006.3
0,30,21.3,63,2,1006.5
0,30,23.8,68,1,1006.6
-1,27.6,23.4,72,1,1005.4
0,29.4,22,65,1,1006
0,30.1,21.2,64,1,1007.6
0,30.8,23.2,62,2,1007.6
0,30.3,21,66,1,1007.5
-1,33,24.7,65,1,1007.2
-1,32.3,23.7,66,1,1007.4
0,30.2,22.2,69,1,1006.9
0,31.3,20.6,65,1,1006.5
0,30.4,24,70,1,1006.6
3.5,30.7,24,78,1,1006.1
0.2,30.7,22,80,1,1007.1
0,31,22.4,73,1,1007.5
0,31.5,20.9,66,1,1007.6
0,33,21.1,63,2,1007.5
0,33.2,22.5,68,1,1007.6
0,33.6,21.7,62,2,1007.3
-1,31.4,20.3,68,1,1006.3
0,31.4,20.6,67,1,1006
0,31.6,23.5,58,2,1007.7
0,30.9,20.2,64,2,1009.4
0,31.4,22.4,62,2,1008.2
-1,30.4,24,68,3,1006.1
1.4,27.2,23.2,86,1,1003
4.6,29.9,23.2,88,1,1003.6
-1,28.4,21.3,83,1,1006.4
0,30.8,23,73,1,1006.1
0,32.5,23.4,73,1,1004.9
0,32.4,24,71,1,1006.2
0,32.4,25.6,64,2,1008.7
-1,31.9,25.2,63,2,1010.5
0,31.4,23,58,2,1011.1
0,30.6,21.6,60,1,1010.5
0,30.2,24.4,70,1,1009.5
0,31.3,21.3,64,1,1011.1
0,31.2,20.8,59,2,1011.6
0,30.6,20.8,64,1,1011.6
0,30.7,19.5,61,1,1010.8
0,30.3,20,59,1,1010.6
0,30.4,20.1,67,1,1010.3
0,31.6,20.4,68,3,1009.5
0,30.8,22.2,67,1,1008
0,28.9,20,70,1,1008
0,30.4,19.7,66,1,1008.5
0,31.3,24.2,60,1,1007.3
5.6,28.5,21.6,75,1,1006.7
0,31,21,61,1,1006.3
0,31,21.6,62,1,1008
0,33.5,22.4,64,1,1008.5
0,30.8,21.4,68,1,1007.6
0,32.6,23.2,63,1,1006.8
0,33.2,21.3,59,1,1006.5
0,32.4,20.9,64,1,1005.3
0,32.8,21.9,65,1,1005.4
0,33.9,23.2,60,2,1004.6
0,34.6,24.4,55,1,1005.2
0,34.6,25.4,62,2,1006.3
0,36,24.5,58,2,1005.5
0,33.5,23.2,62,1,1005.1
0,33.7,22.6,59,1,1005.8
0,33.4,23.2,56,1,1006.5
0,33.6,22.1,59,1,1005.9
0,33.8,24.9,63,1,1004.6
0,32.2,23.8,71,1,1005
0,34.2,24.5,64,1,1004.6
0,33.1,24.4,64,1,1004.2
5.7,32.7,24.5,65,1,1004.6
0,31.6,22.8,68,1,1005.3
0,32.8,23.9,62,1,1005.9
0,32.6,24.2,60,1,1005.6
0,33.3,24.6,62,1,1006.5
0,34.3,26.3,63,1,1007.3
0,32.5,23.2,63,2,1006.7
0.2,32,24.7,65,1,1005.5
0,31,25,65,1,1004.2
5.2,29.4,24.8,81,1,1003.2
51.6,27.8,23.2,91,1,1003.6
0.1,31.8,24.2,77,1,1004.4
0,33.4,26.4,72,2,1003.7
-1,33.8,26.2,70,1,1003.8
0,33.9,24.4,72,1,1006.6
0,35,24.5,61,1,1006.1
0,35.8,26.8,63,1,1002.7
0,36.2,26.5,62,2,1002
0,35.2,27,67,1,1003.3
7,33,24.5,73,1,1004.4
0,33.7,27.2,63,1,1005.1
0,32.8,24.4,65,1,1005.1
0,33.6,25.4,65,1,1003.9
0,33.6,24.4,63,1,1004.4
0,34.9,24.2,57,1,1005.5
0,34,24,61,1,1005.2
0.2,33.5,25.9,66,1,1004
0,35.6,24.8,69,1,1003.8
-1,35.3,24.9,62,1,1004.8
0,36.1,25.5,59,2,1005.9
0,34.8,25.4,60,1,1005.6
0.9,33,27.1,66,2,1003.2
0,35.2,27.8,59,2,1001.4
0,35.6,26.2,59,2,1001.4
0,35.5,26.5,63,1,1002.2
-1,35.8,26.3,68,1,1003.2
6.2,33.2,25.2,74,1,1003.9
44.6,32.7,25.2,83,1,1005.3
0,32.8,26.2,71,1,1006.3
0,32.9,25.6,70,1,1006.5
1.1,35,26.9,69,2,1005.6
1.4,33.5,26.4,74,1,1004.7
42.2,33.7,25,72,2,1004.9
0,32.9,25.2,82,1,1005.2
23,34.2,26.9,74,1,1005.3
-1,33.7,25.3,76,2,1005.1
14.3,33.3,26.9,75,2,1004.7
3,31.9,26.6,77,1,1005.7
0.8,34.2,25.2,77,1,1006.1
0.6,32.9,25.8,76,1,1005.4
6.8,33.5,25.2,75,1,1004.9
6.8,33.6,24.9,77,1,1005.3
11,33.9,24.8,80,2,1006.3
5.5,32.4,26.5,82,1,1004.7
1.2,32.6,25.3,76,1,1002.7
0,33.7,25.7,73,2,999.9
0.2,34.8,28.5,66,3,999
-1,33.8,28.3,65,2,998.2
0,32.8,28.3,72,2,998.8
1.2,32.3,26.7,78,2,1001
2.3,31.8,25.3,79,2,1003.8
0,32,25.7,76,1,1004.8
4.8,34.1,25,74,1,1003.5
50,32.8,25,80,1,1003.3
48.6,33,24.5,81,1,1004.3
22,31.9,25.3,87,1,1005.1
5,33.5,26.4,76,1,1003.2
0.8,32.7,27.1,77,2,1001.1
77.1,30,25.7,89,1,1000.9
67.3,28.1,24.6,92,1,1002.3
5.6,30.1,25.1,90,1,1003.1
7.9,32,26.6,79,1,1003.8
14.4,33.4,27,73,1,1004.3
5.3,32.4,25.2,83,1,1004.3
0.8,33.3,25.2,83,1,1004.9
0,35.5,25.7,62,2,1005.8
0.5,33.3,25.1,73,1,1005
20.4,34.3,25.8,79,1,1004.4
52.2,33,25.4,78,1,1004.2
-1,33.9,25.6,74,1,1004.3
10.4,34.3,24.9,75,1,1004.3
0,32.4,24.5,80,1,1003.6
0.5,33,25.2,78,1,1003.2
-1,31.2,25.3,76,1,1003.3
0.8,31.3,25,79,1,1003.4
0,32.3,26.4,77,1,1004.2
20.6,34.3,25.7,77,1,1004.6
-1,32.3,26.2,82,1,1004.8
-1,32.2,26.5,75,1,1004.9
1,35.3,25.7,74,1,1005.4
28.3,32.5,25.3,88,1,1006.7
0,34.3,25.7,73,2,1005.9
0,33.3,25.5,67,1,1005.2
0,35.6,26,65,1,1004.5
0,36,26.4,65,1,1005.5
0.6,33.4,26.1,73,1,1006.3
12.9,33.8,26.2,75,1,1005.8
47.8,32.9,24.1,83,1,1004.8
0,34.1,25.2,76,1,1003.4
1.2,33.7,26.1,76,1,1002.5
43,33.3,25.1,78,1,1001.4
68.6,26.5,23.1,97,1,999.9
57.7,30.1,25,86,3,998.8
56.8,30.2,23.7,86,1,998.4
29,29.6,24.2,86,1,999.8
-1,32.2,25.2,79,1,1002.5
-1,33,25.4,74,1,1004.1
12.2,31.8,24.9,84,1,1003.2
18.5,32.5,25.7,87,1,1002.9
17.8,33.4,25.3,81,1,1004.5
16.1,31.9,25.2,88,1,1005.4
17.3,32,25.4,80,1,1002.7
2.2,31.3,25.9,85,1,999.3
56.9,31.7,24.6,81,2,996.2
64.6,30.2,25.6,83,3,998.3
64.3,29.7,24.7,89,2,1000.8
56.5,29.7,23.7,91,2,1002
102.1,29.4,24.5,94,2,1003.3
25.9,28.2,24.9,91,1,1003.7
44.2,29.1,25.3,94,1,1003.2
35.4,27.4,24.9,95,1,1001.9
127,28.8,24.5,92,2,1003.1
4.2,31.3,25,85,1,1005.1
4,31,27.4,84,1,1007
0,31.5,27.8,79,2,1005.3
-1,32,27.6,78,2,1003.1
3.6,30.8,27.8,82,2,1002.7
0.2,31.3,27.2,81,2,1003.6
0,33.4,27.1,73,1,1004.1
1.5,33,27.1,77,1,1003.5
22,32.6,26,80,2,1003.5
0,32.5,27.7,76,2,1003.4
21,33.3,26.4,75,1,1003.6
39.7,32.7,25.4,82,1,1004.3
0.6,32.8,27,73,1,1004.6
32.2,32.7,25.5,78,1,1004.3
6.2,32,26.6,80,1,1003.2
2,32.3,25.5,77,1,1003.1
-1,33.2,26,75,1,1004.1
0,32.6,26.3,73,1,1005
2.6,32.8,26.4,77,1,1004.3
7.2,31.8,24.9,80,1,1003.7
0.3,32,26,74,1,1003.5
9.9,31.7,26,82,2,1004.4
-1,32.1,27.5,77,2,1002.6
2.8,30.2,25.2,82,2,1000.1
0.8,30.3,25.8,82,2,998
-1,33.1,27.5,78,2,997.8
6.6,30.3,26.8,81,2,998.9
152.5,28.7,24.5,88,2,1000.5
66.6,28.7,24.4,92,1,1001.3
33.5,29.1,25,92,2,1001
51.4,29,25,94,1,999.8
69.2,29.5,25.6,89,1,1000.3
9.2,28.1,25.6,89,1,1002.1
7.8,30.5,25.8,86,1,1004.7
0,33.1,25.7,77,1,1005.4
-1,34.6,24.4,70,1,1004.9
4.8,33.3,24.6,78,1,1005.7
-1,34.9,26.2,71,1,1004.3
0,32.4,25.8,74,1,1004.7
-1,32.6,25.7,74,1,1004.2
27.4,32.3,25,91,1,1004.2
0.4,30,25.3,84,1,1003.4
37.6,31.6,24.2,82,1,1004.2
0.2,31.9,25.4,83,1,1005.8
18.8,33.2,25.5,81,1,1005.9
7.2,31.8,24.2,82,1,1005.1
0.6,33.1,25.4,77,1,1004.8
15.2,31.7,24.5,82,1,1005
-1,33.3,25.3,77,1,1004.1
3.6,33.6,25.7,82,1,1003.7
16.9,29.1,25.4,91,1,1002.9
104.2,27.1,25,95,1,1003.2
0,31.6,26.3,75,1,1002.9
75.8,30.3,24.5,87,1,1004
68.8,33.5,24.3,80,1,1003.6
12.7,31.9,24.8,83,1,1002.9
14.6,32.5,24.3,86,1,1004.2
1.4,32.3,26,87,1,1004.2
3.2,31.6,25.7,83,1,1002.3
4.8,31.2,26.5,80,1,1002.7
24,31.8,25.6,82,2,1004.3
3.8,29.7,25.9,85,2,1005
-1,29.6,26,81,2,1005.1
53.8,30.7,23.2,97,1,1004.8
0,29.7,24.6,80,1,1005.4
0,32.7,23.8,78,1,1005.9
11,32.5,24.6,81,1,1006.1
7.8,32.1,24.5,87,1,1006.1
10.7,33.2,25,73,1,1005.5
7.8,32.4,25.4,75,1,1005.7
0.8,31.9,24.7,85,1,1006.3
4.2,32.2,24.3,78,1,1005.5
18.8,30.6,23.8,81,1,1004.8
1.6,31.8,25.5,77,1,1005.6
-1,32.4,23.9,76,1,1006.9
-1,31.7,25.1,74,1,1007.4
0.6,32.3,24.8,80,1,1007.5
3.6,26,23.4,96,1,1007.2
53.8,30.5,24.8,86,1,1007.1
-1,27.1,24.1,91,1,1007.8
0.3,30.7,24.1,86,1,1007.8
2.4,28.1,23,87,1,1007.3
22.2,29.4,25,87,1,1007.2
-1,31.9,24.3,83,1,1006.9
0,31.6,24.3,78,1,1006.7
-1,31.8,25.3,80,1,1006.1
26.2,32.6,24.1,82,1,1006
0,32.9,23.8,74,1,1006.1
0,33.3,23.9,69,1,1006.4
0.3,32.8,25.3,64,2,1006.4
5,28.5,23.7,87,1,1006.5
24.8,31.8,25,84,1,1005.6
2.6,31.2,24.5,82,1,1004.4
-1,31.8,25.1,78,1,1005.3
2,31.1,25.2,86,1,1006.4
5.2,33,24.4,76,1,1006.4
2.4,32,25.3,80,1,1006.4
-1,30.3,24.7,84,1,1006.4
0,32.9,24.5,78,1,1007.2
0,33.4,24,72,1,1007.7
0,31.4,24.3,79,1,1007.7
-1,32.7,25.2,76,1,1008.1
5.4,31.1,24.6,78,1,1008.5
0.2,31.6,25.1,74,1,1008.5
0.8,27.7,23.9,88,1,1009.3
0,32.6,24.1,70,2,1009.5
0,32.3,22.7,68,1,1008.2
0,30.6,24.9,69,1,1007.4
0,31.4,22.4,65,1,1006.8
0,31.9,22.7,71,1,1006.4
0,31.4,22.5,73,1,1006
0,32.4,21.7,69,1,1005.4
1.2,31.6,24.1,78,1,1005.3
-1,31.4,25.1,82,1,1006.3
5.6,28.8,23.3,82,1,1007.4
0.8,29.3,23.1,86,1,1006.2
1.2,33.6,24.4,78,1,1005.8
6.6,33.6,25.5,73,1,1006.8
0,33,25.7,78,1,1007.8
0,33.3,22.5,70,2,1007.3
-1,33,24.5,76,1,1006.9
0,33.2,23.3,74,1,1007.6
1.8,29.2,24,80,1,1007.9
0,33.5,24.9,73,1,1006.2
6.9,31.3,24,83,1,1005.7
0,31.5,25.1,80,1,1006.6
-1,30.6,25.3,78,1,1006
0,31.4,23.4,83,1,1006.9
0,32.2,22.9,77,1,1006.4
0.1,33.5,23.4,70,1,1006
3.9,29.9,22.9,86,1,1006.9
-1,33.6,24,70,1,1006.8
-1,33.5,25.1,78,2,1008.4
0.5,30.3,24.4,82,1,1008.6
5,29.8,24,83,1,1008
1,31.2,23.7,81,1,1008.2
3.2,30.7,24.4,68,1,1008
1.6,29.9,24.5,83,1,1007.8
0,31.4,25.1,77,1,1007
-1,32.2,25.1,75,1,1006.4
5.1,29.8,24.1,82,1,1007.6
1.6,28.6,23.8,74,2,1010.3
-1,28.8,24.9,77,1,1011.1
-1,29.7,23.8,75,1,1010.4
0,31.8,24.5,68,1,1009.6
0.7,28.6,23.1,84,1,1010.8
0.2,30.4,24.5,80,1,1011
0,30.7,23.5,77,1,1010
-1,31.2,23.2,78,1,1008
7.2,31.5,23.8,82,1,1006.8
14.5,32.2,23.8,80,1,1007.1